x,y,z,membrane,notochord
1.002,0.080,-0.424,0,0
0.453,0.817,0.144,0,0
-0.552,0.761,0.102,0,1
-0.888,0.569,-0.068,1,1
0.248,0.414,-0.863,0,0
-0.693,-0.101,-0.792,0,0
-0.745,-0.764,0.133,0,0
0.386,-0.888,0.127,0,0
0.026,-0.975,-0.120,0,0
-0.757,0.391,-0.612,0,0
-0.593,0.844,0.349,1,0
0.534,0.580,0.608,0,0
-0.058,0.916,-0.283,0,0
-0.034,0.810,-0.511,0,0
0.318,0.112,-0.987,0,0
-0.675,-0.516,-0.580,0,0
-0.781,0.312,-0.639,0,0
-0.017,-0.926,-0.118,0,0
-0.654,-0.787,-0.092,0,0
-0.547,-0.465,-0.738,1,0
-0.229,0.050,0.996,1,0
-0.740,0.672,0.142,0,0
0.931,0.015,-0.549,0,0
-0.774,0.031,0.724,0,0
0.215,0.791,-0.539,0,0
0.338,0.817,0.457,0,0
1.113,0.314,0.069,0,0
-0.884,-0.268,0.664,1,0
0.005,-0.549,0.770,0,0
0.685,0.013,-0.785,0,0
-0.314,0.810,-0.425,0,0
0.766,0.367,-0.574,0,0
0.153,-0.751,-0.705,1,0
0.598,-0.524,0.515,0,0
-0.153,-0.032,1.067,1,0
-0.910,0.048,0.667,1,0
0.902,-0.006,-0.559,0,0
0.000,0.740,-0.664,0,0
1.055,0.433,0.177,0,0
-0.185,-0.103,-0.981,1,0
-0.035,0.989,-0.072,0,1
0.791,-0.092,0.609,0,0
0.041,0.307,-0.903,0,0
0.776,-0.156,-0.701,0,0
-0.610,0.673,0.444,0,0
-0.522,-0.035,0.904,0,0
0.494,-0.096,-0.869,0,0
0.631,0.083,-0.762,0,0
0.322,0.276,0.950,0,0
0.960,0.480,-0.210,0,0
0.353,-0.548,0.751,0,0
-0.988,0.264,-0.407,0,0
-0.765,0.713,-0.024,0,1
-0.337,0.067,-0.984,0,0
0.462,-0.305,-0.814,0,0
0.970,-0.036,-0.493,0,0
0.537,0.854,-0.200,0,0
0.966,-0.080,-0.463,0,0
1.015,0.422,0.389,0,0
0.457,0.055,-0.913,0,0
-0.233,0.508,-0.813,0,0
1.005,0.017,0.563,0,0
0.733,0.340,-0.669,0,0
-1.113,0.116,-0.025,0,0
-0.105,-0.716,0.670,1,0
-0.014,-0.652,-0.743,0,0
1.012,0.433,0.140,0,0
-0.936,0.479,-0.344,1,0
0.237,0.266,0.919,0,0
-0.288,0.775,0.569,0,0
0.669,-0.698,0.271,0,0
0.870,-0.168,-0.725,1,0
0.902,0.398,0.430,0,0
-0.223,0.597,0.796,0,0
0.497,0.396,-0.784,0,0
-0.349,0.116,-0.992,0,0
0.266,0.318,-0.912,0,0
0.719,-0.699,0.143,0,0
0.123,0.913,0.398,1,0
-0.858,-0.385,0.525,0,0
0.681,-0.764,0.162,0,0
1.154,0.120,0.051,0,0
1.046,0.325,0.270,0,0
0.602,0.626,-0.562,0,0
-0.847,0.304,-0.584,0,0
0.194,0.590,-0.691,1,0
0.316,0.398,0.896,0,0
0.644,-0.566,0.508,0,0
-0.975,-0.100,0.273,0,0
0.273,0.740,-0.597,0,0
-0.581,0.106,0.795,0,0
-0.620,-0.512,0.644,0,0
-0.385,-0.381,-0.863,0,0
0.163,0.621,0.793,0,0
0.837,-0.601,-0.301,1,0
0.008,-0.701,-0.693,0,0
-0.196,-0.226,-0.994,1,0
1.097,0.027,-0.119,0,0
0.650,0.749,-0.283,0,0
1.061,0.341,0.033,0,0
-1.019,-0.104,-0.431,0,0
-0.024,0.073,0.946,0,0
-1.178,0.014,-0.080,0,0
0.717,-0.519,0.566,0,0
-0.177,0.503,-0.845,0,0
0.556,-0.116,0.837,0,0
-0.663,-0.062,-0.852,0,0
0.099,0.861,0.441,0,0
0.221,0.101,1.048,1,0
0.707,0.756,-0.147,0,0
0.323,-0.500,0.746,0,0
0.665,0.712,-0.249,0,0
0.948,0.028,-0.526,0,0
1.073,0.292,0.350,0,0
0.448,-0.182,-0.918,0,0
-0.628,-0.026,0.860,0,0
0.096,0.087,1.025,0,0
-0.716,0.083,0.811,0,0
0.994,-0.036,-0.460,0,0
-0.337,-0.268,-0.938,0,0
-0.733,-0.705,0.274,0,0
0.711,0.707,-0.161,0,0
-0.489,0.811,0.245,0,0
0.256,0.596,-0.702,0,0
-1.063,0.138,0.356,0,0
-0.565,-0.339,0.801,0,0
-1.026,0.406,0.196,0,0
0.895,0.351,-0.438,0,0
0.956,0.118,0.534,0,0
-0.581,0.164,0.862,0,0
-1.083,-0.207,-0.379,0,0
1.129,0.143,-0.161,0,0
-0.936,0.461,-0.201,0,0
0.349,-0.193,0.952,0,0
-0.308,0.357,-0.898,0,0
1.080,0.415,0.076,0,0
-0.754,-0.725,0.152,0,0
-0.203,0.526,0.763,1,0
-0.937,-0.269,-0.423,0,0
-0.953,0.506,0.182,0,0
1.069,-0.192,-0.159,0,0
-0.855,0.640,0.207,0,0
0.651,0.735,-0.289,0,0
-1.051,0.209,0.305,0,0
0.277,0.904,-0.323,0,0
0.737,0.681,-0.412,0,0
1.125,0.006,-0.263,0,0
0.429,0.339,0.848,0,0
0.701,-0.209,0.741,0,0
-1.007,-0.436,0.297,0,0
-1.087,-0.288,0.167,0,0
0.856,0.249,-0.502,0,0
-0.178,-0.893,-0.061,1,0
-0.070,-0.163,0.999,0,0
-1.092,0.200,0.193,0,0
-0.521,0.577,0.673,1,0
-0.583,-0.144,-0.783,0,0
0.175,-0.353,-0.857,0,0
-1.091,0.236,-0.247,0,0
1.158,0.047,-0.003,1,0
-0.241,0.680,0.721,1,0
-0.432,0.860,0.290,0,0
-0.764,0.389,-0.557,0,0
-1.117,0.112,-0.391,0,0
1.023,0.378,-0.234,0,0
0.697,-0.062,-0.742,0,0
-0.484,0.753,0.320,1,0
0.767,0.457,-0.382,0,0
1.010,-0.523,-0.124,0,0
1.014,0.459,-0.090,0,0
0.343,-0.719,0.597,0,0
0.123,0.659,0.818,0,0
0.877,-0.655,0.131,0,0
0.125,0.656,0.631,0,0
0.843,0.375,-0.514,0,0
0.172,0.794,0.616,0,0
0.841,-0.374,-0.514,0,0
0.199,0.414,0.905,0,0
0.255,0.153,-0.868,0,0
1.027,0.344,0.163,0,0
-0.603,0.849,0.111,0,1
0.179,-0.727,0.638,1,0
-1.052,-0.153,0.306,0,0
0.011,0.998,0.166,0,0
-0.821,-0.445,-0.411,1,0
0.414,-0.184,0.910,0,0
-0.157,0.957,0.290,1,0
-0.906,0.340,0.541,0,0
0.839,0.622,0.043,1,1
0.857,0.065,0.735,1,0
0.329,-0.883,-0.209,0,0
1.107,0.089,0.167,0,0
-0.008,0.922,-0.205,0,0
-0.429,0.444,-0.776,0,0
0.654,0.819,-0.086,0,1
-0.999,0.355,0.162,0,0
0.164,0.661,0.636,1,0
-0.319,-0.368,0.921,0,0
0.070,0.950,0.002,0,1
-0.026,0.076,0.981,0,0
-0.826,-0.121,0.635,1,0
0.819,0.650,-0.098,0,1
-0.834,-0.213,-0.738,1,0
-0.146,0.000,-0.975,1,0
0.870,0.591,0.320,1,0
-0.855,-0.444,-0.463,0,0
-0.861,-0.036,0.664,1,0
0.747,0.255,0.760,0,0
0.750,-0.435,0.718,0,0
0.995,0.461,-0.170,0,0
-1.178,-0.141,-0.016,1,0
-0.373,0.069,0.924,0,0
0.189,0.632,0.764,1,0
-0.184,-0.075,-0.991,1,0
-0.278,-0.005,0.995,0,0
-0.883,0.394,-0.478,0,0
-0.248,-0.930,-0.306,0,0
1.110,0.049,0.266,0,0
0.646,0.527,-0.605,0,0
-0.208,0.919,-0.089,0,1
0.243,0.469,0.884,0,0
-0.546,-0.122,0.882,0,0
0.544,-0.031,0.937,0,0
0.640,0.082,-0.771,0,0
0.133,0.212,-0.952,0,0
0.864,0.595,-0.300,1,0
0.060,-0.161,1.025,0,0
-0.362,-0.552,-0.812,0,0
0.971,0.103,0.481,0,0
-0.037,0.890,0.347,0,0
-0.065,-0.926,-0.290,0,0
0.209,-0.840,-0.416,1,0
0.749,-0.141,0.730,0,0
-0.508,-0.232,-0.847,0,0
0.505,0.866,0.011,1,1
-0.152,-0.074,-1.019,1,0
0.418,0.826,-0.348,0,0
-1.124,0.269,-0.110,0,0
-0.177,0.784,-0.581,0,0
0.178,0.664,0.810,0,0
-0.873,-0.007,0.585,0,0
-0.925,0.124,0.652,1,0
0.220,0.084,0.976,0,0
0.202,0.083,0.943,0,0
0.420,0.890,0.190,0,0
0.289,0.835,-0.536,0,0
-0.512,0.880,-0.081,0,1
0.132,0.291,0.952,0,0
-0.803,0.217,0.550,0,0
0.512,0.470,-0.742,1,0
0.537,0.844,0.018,1,1
1.028,0.517,-0.050,0,1
-1.082,0.135,-0.254,0,0
0.117,0.035,1.018,1,0
0.212,0.740,0.488,0,0
0.205,0.776,-0.570,0,0
-0.260,0.222,-0.876,0,0
-0.387,0.170,0.916,0,0
-0.727,0.810,0.066,0,1
-0.027,-0.841,-0.353,0,0
0.774,0.646,0.315,0,0
-1.101,-0.251,0.182,0,0
-0.467,0.841,0.180,0,0
-0.680,0.096,-0.819,0,0
0.645,0.172,-0.857,0,0
-0.968,-0.110,0.485,0,0
0.539,0.660,0.572,0,0
0.958,-0.425,0.335,0,0
0.085,-0.105,-1.005,0,0
0.161,0.891,0.323,1,0
0.925,0.542,-0.024,1,1
-0.724,0.046,0.689,0,0
-0.910,0.586,0.152,0,0
0.297,-0.760,0.478,0,0
-0.712,0.718,-0.222,0,0
-0.956,0.388,0.171,0,0
-0.791,0.667,-0.407,0,0
-0.204,-0.876,0.406,1,0
-1.050,0.392,-0.292,0,0
-0.830,-0.610,-0.387,1,0
-0.465,-0.126,0.909,0,0
0.848,0.255,0.635,1,0
1.027,-0.167,0.350,0,0
0.297,-0.015,1.042,0,0
-0.156,-0.059,0.973,1,0
-0.063,0.102,-0.981,0,0
1.000,-0.032,-0.309,0,0
0.983,0.128,-0.493,0,0
0.299,-0.559,-0.820,0,0
0.273,0.229,-0.974,0,0
-1.075,-0.045,-0.334,0,0
-0.893,0.560,-0.085,0,1
0.735,-0.103,-0.732,0,0
0.692,-0.745,-0.206,0,0
-0.096,0.739,-0.654,0,0
-0.042,0.536,-0.874,0,0
-1.000,0.380,0.290,0,0
0.947,0.020,0.595,0,0
0.135,-0.915,-0.175,0,0
0.401,0.537,-0.679,0,0
-0.317,0.402,0.901,0,0
-1.022,-0.147,-0.547,0,0
-1.135,0.267,0.007,0,0
1.022,0.241,-0.418,0,0
-0.709,0.720,0.252,0,0
-0.784,0.641,0.416,0,0
0.056,0.217,0.949,0,0
0.889,0.600,0.176,0,0
-0.670,0.407,-0.783,0,0
0.426,-0.329,-0.885,0,0
-0.528,0.814,0.167,0,0
-1.173,-0.035,-0.096,0,0
1.088,0.086,0.453,0,0
0.787,-0.167,0.686,0,0
0.541,0.110,-0.902,0,0
0.131,0.536,-0.868,0,0
0.052,0.745,-0.556,0,0
-0.098,0.903,-0.159,0,0
-0.638,0.135,0.790,0,0
0.418,0.405,0.836,0,0
0.953,0.525,-0.434,0,0
-0.300,0.284,0.903,0,0
0.987,0.215,0.419,0,0
-0.712,0.001,-0.780,0,0
0.993,-0.166,0.392,0,0
0.424,-0.829,-0.510,0,0
-0.091,0.936,0.276,0,0
0.802,0.630,0.201,0,0
0.661,0.728,-0.162,0,0
-0.770,-0.007,0.734,0,0
0.636,0.499,0.689,0,0
-1.123,-0.060,0.196,0,0
0.885,-0.205,0.588,0,0
0.075,-0.281,0.900,0,0
-0.257,0.740,0.539,0,0
1.101,0.083,-0.341,0,0
0.762,-0.011,-0.725,0,0
0.116,0.685,-0.701,1,0
-0.749,0.067,-0.736,0,0
0.784,0.625,0.284,0,0
1.131,-0.141,0.310,0,0
0.204,0.930,-0.055,1,1
0.138,-0.651,-0.635,1,0
0.802,0.188,0.731,1,0
0.397,0.890,-0.003,0,1
-0.202,-0.465,-0.795,0,0
-0.844,0.570,0.347,1,0
0.417,0.598,0.688,0,0
-1.011,0.212,-0.040,0,0
1.140,0.178,-0.002,0,0
0.526,0.732,0.450,0,0
0.282,0.150,0.964,0,0
1.078,-0.345,-0.305,0,0
0.403,-0.022,-0.895,0,0
0.644,-0.774,-0.137,0,0
1.044,0.319,0.228,0,0
-0.704,0.070,0.833,0,0
-1.021,-0.304,0.377,0,0
-0.435,-0.884,-0.137,0,0
0.695,-0.699,-0.346,0,0
-0.167,0.603,-0.746,1,0
0.033,-0.511,0.811,0,0
-0.887,-0.035,-0.603,0,0
-0.460,-0.806,-0.399,1,0
0.795,0.602,0.266,0,0
-0.111,0.034,-1.006,1,0
-1.045,-0.079,-0.456,0,0
-1.157,0.178,0.373,1,0
-0.155,-0.929,0.223,0,0
1.140,-0.020,-0.022,0,0
0.080,-0.583,0.766,0,0
1.182,0.018,-0.253,0,0
0.191,0.761,-0.460,0,0
0.150,0.914,-0.290,1,0
1.094,0.350,0.127,0,0
0.174,0.265,-0.960,0,0
-0.662,0.256,-0.801,0,0
0.197,0.902,0.139,0,0
-0.985,0.076,-0.404,0,0
-0.348,0.513,0.822,0,0
-0.431,0.868,0.279,0,0
0.931,0.575,-0.234,0,0
-0.339,0.453,-0.792,0,0
-0.352,0.737,-0.625,0,0
0.977,0.145,0.673,0,0
0.273,-0.121,0.995,0,0
-1.013,0.221,0.313,0,0
-0.660,-0.363,-0.743,0,0
-1.078,-0.141,0.104,0,0
-0.136,0.207,-0.960,0,0
-0.993,0.292,-0.252,0,0
-1.041,0.318,-0.269,0,0
0.240,0.542,-0.822,0,0
0.310,0.686,0.521,0,0
-0.080,0.665,-0.624,0,0
-0.837,0.598,-0.294,1,0
-0.584,0.187,0.776,0,0
0.014,0.659,0.719,0,0
-1.068,0.350,-0.005,0,0
-0.610,-0.070,0.907,0,0
0.981,0.426,-0.266,0,0
0.309,0.660,-0.620,0,0
0.708,0.445,0.673,0,0
-0.360,-0.331,0.860,0,0
0.147,0.107,-1.014,1,0
0.226,0.172,0.975,0,0
-0.035,0.472,-0.830,0,0
-0.876,0.520,-0.366,1,0
0.598,0.803,-0.165,0,0
0.084,-0.889,-0.340,0,0
0.817,0.293,0.706,1,0
0.144,-0.623,0.768,1,0
0.805,-0.598,0.109,0,0
-0.560,-0.047,-0.902,0,0
1.007,-0.079,0.319,0,0
0.221,0.800,0.566,0,0
-0.039,0.954,0.217,0,0
0.255,0.371,-0.796,0,0
-0.637,0.471,0.557,0,0
-1.089,0.327,0.127,0,0
0.635,-0.143,-0.873,0,0
0.965,0.425,-0.166,0,0
0.911,-0.425,0.401,1,0
-0.947,0.182,-0.418,0,0
-0.502,0.571,-0.701,1,0
-0.865,0.202,0.618,0,0
-0.460,-0.146,0.895,0,0
-0.011,0.954,-0.206,0,0
-0.929,-0.593,-0.018,1,0
-0.210,0.497,0.752,1,0
1.123,0.117,0.235,0,0
0.567,0.349,-0.827,0,0
-1.017,0.278,0.161,0,0
0.099,-0.198,0.969,0,0
-1.063,0.261,0.459,0,0
-0.594,0.502,0.711,1,0
0.000,-0.886,0.104,0,0
1.122,-0.193,-0.389,0,0
-0.198,-0.634,-0.714,1,0
-0.363,-0.835,-0.346,0,0
-0.813,-0.684,-0.052,1,0
-0.981,-0.157,-0.465,0,0
-1.156,0.054,0.176,0,0
-0.210,0.894,0.422,1,0
-0.076,0.890,0.051,0,1
-0.038,-0.125,-0.954,0,0
-0.330,0.965,0.127,0,0
0.617,0.594,0.466,0,0
0.904,-0.621,0.267,0,0
0.612,0.778,0.214,0,0
0.342,0.888,0.200,0,0
-1.001,-0.504,-0.064,0,0
-0.083,0.084,1.059,0,0
0.635,0.670,0.574,0,0
-0.647,-0.108,0.839,0,0
-0.529,0.769,-0.448,0,0
-0.094,0.828,-0.482,0,0
-0.872,-0.126,0.582,0,0
-0.810,0.235,-0.710,1,0
-0.741,0.437,0.703,0,0
1.023,0.313,0.386,0,0
-0.570,-0.824,-0.227,0,0
-0.036,0.485,-0.815,0,0
-0.518,0.084,0.898,0,0
-1.031,0.491,-0.017,0,0
0.860,0.120,-0.629,1,0
-0.530,0.886,-0.057,1,1
-0.413,0.942,0.144,0,0
-1.026,0.439,0.009,0,0
0.934,-0.173,0.595,0,0
-0.711,0.644,-0.354,0,0
0.509,-0.463,-0.766,1,0
-1.030,-0.302,0.087,0,0
-0.383,-0.235,-0.875,0,0
-0.832,-0.040,-0.594,0,0
-0.046,0.914,-0.408,0,0
0.268,0.795,0.301,0,0
-0.363,0.853,-0.025,0,1
-0.500,0.190,0.852,0,0
0.031,-0.613,-0.822,0,0
-0.250,0.304,-0.890,0,0
-0.467,0.374,-0.798,0,0
-0.938,0.534,0.269,0,0
0.992,0.443,0.167,0,0
1.189,0.086,-0.120,0,0
0.200,0.414,-0.867,0,0
1.173,-0.022,0.210,0,0
-0.155,0.871,-0.309,1,0
-0.506,-0.825,0.397,1,0
-0.419,0.447,0.797,0,0
1.072,0.172,-0.365,0,0
-1.173,0.119,-0.228,0,0
1.198,-0.175,-0.323,1,0
-0.481,0.800,0.417,1,0
-0.987,0.373,-0.217,0,0
0.662,-0.607,0.550,0,0
-0.884,0.067,-0.664,1,0
-0.433,0.532,-0.646,0,0
0.644,0.709,0.402,0,0
-0.410,0.871,-0.166,0,0
0.082,0.788,-0.524,0,0
-0.604,0.870,0.063,0,1
-0.641,0.632,-0.446,0,0
1.134,0.177,0.005,0,0
0.395,0.776,0.361,0,0
-0.336,0.549,0.806,0,0
0.518,0.131,0.860,0,0
0.718,0.706,0.200,0,0
-0.361,-0.854,-0.290,0,0
-0.880,-0.116,-0.569,0,0
-0.065,-0.515,-0.910,0,0
0.125,0.908,-0.272,0,0
0.862,0.173,0.473,0,0
-0.785,0.522,0.537,0,0
0.674,0.716,0.269,0,0
-0.038,-0.852,-0.482,0,0
1.079,0.276,-0.034,0,0
0.870,0.459,-0.439,0,0
0.481,0.868,-0.314,1,0
-0.610,0.198,0.884,0,0
-0.539,0.850,-0.068,1,1
-0.214,0.813,0.494,0,0
-0.679,0.440,0.603,0,0
0.080,0.930,0.119,0,1
0.372,0.871,-0.174,0,0
-0.137,0.123,1.000,1,0
-1.116,0.231,0.228,0,0
0.589,-0.026,0.835,0,0
-1.024,-0.126,-0.564,0,0
-0.012,0.724,-0.584,0,0
0.475,0.822,0.128,0,0
0.406,0.734,0.610,0,0
1.108,0.123,-0.113,0,0
0.043,-0.379,-0.992,0,0
0.938,-0.100,0.464,0,0
0.435,-0.075,-0.955,0,0
0.971,0.196,0.424,0,0
1.043,-0.189,0.424,0,0
0.805,-0.414,0.570,0,0
1.033,0.370,-0.252,0,0
-0.618,-0.799,-0.357,0,0
-0.665,0.767,0.211,0,0
-0.573,0.867,-0.081,0,1
-0.101,0.458,-0.916,0,0
0.512,-0.569,0.582,0,0
-0.088,0.675,-0.638,0,0
-0.970,0.312,-0.562,0,0
0.758,0.100,0.802,0,0
0.639,0.098,-0.835,0,0
-0.226,0.823,0.447,0,0
-0.359,0.342,0.891,0,0
0.227,0.345,0.912,0,0
0.936,-0.351,0.423,0,0
0.510,0.857,-0.040,1,1
-1.095,0.217,-0.107,0,0
-1.072,0.171,-0.153,0,0
0.683,-0.027,0.771,0,0
-0.542,0.714,-0.551,0,0
-0.866,0.523,-0.492,0,0
0.985,0.441,0.174,0,0
0.399,0.840,-0.158,0,0
1.062,-0.072,0.401,0,0
-0.362,-0.483,0.810,0,0
-0.813,0.068,0.716,1,0
0.976,-0.189,-0.463,0,0
-1.142,-0.015,-0.308,0,0
0.362,0.740,-0.513,0,0
0.762,-0.160,-0.810,0,0
0.962,0.463,0.378,0,0
0.203,0.825,0.418,1,0
0.955,0.190,-0.498,0,0
0.605,0.812,0.351,0,0
-1.218,0.025,0.016,1,0
-0.575,-0.102,0.931,0,0
-0.318,0.914,-0.018,0,1
-0.561,-0.269,-0.828,0,0
-0.887,0.425,-0.490,0,0
-0.034,-0.167,0.976,0,0
0.691,0.125,-0.820,0,0
-1.075,0.266,0.255,0,0
-0.349,0.541,0.721,0,0
-0.262,0.926,-0.259,0,0
0.741,0.428,0.546,0,0
0.380,0.713,0.497,0,0
-0.525,0.506,-0.659,1,0
0.540,-0.095,-0.857,0,0
0.460,0.548,0.662,1,0
0.367,0.747,0.448,0,0
0.404,-0.008,-0.929,0,0
-0.844,-0.673,-0.136,0,0
0.673,-0.003,-0.786,0,0
-0.349,-0.219,0.888,0,0
0.780,-0.162,-0.771,0,0
-0.226,0.049,0.943,0,0
0.129,0.115,-1.016,1,0
-1.038,0.304,0.211,0,0
-0.710,-0.221,-0.726,0,0
0.299,-0.557,-0.764,0,0
-1.107,0.044,-0.050,0,0
0.739,0.699,-0.343,0,0
0.431,0.850,-0.112,0,1
-0.756,0.625,-0.251,0,0
-0.946,0.205,-0.531,0,0
0.185,0.778,-0.414,1,0
0.899,0.220,-0.577,0,0
1.082,0.026,-0.330,0,0
0.882,0.459,0.449,0,0
-0.820,0.350,0.635,0,0
-0.900,-0.056,0.601,0,0
-0.717,0.705,0.119,0,1
0.086,0.650,0.734,0,0
-0.126,0.894,0.378,1,0
-0.022,-0.611,-0.716,0,0
0.488,0.466,0.768,1,0
0.970,0.531,0.182,0,0
1.078,0.278,-0.069,0,0
-0.334,0.105,-0.911,0,0
0.372,-0.705,-0.565,0,0
0.123,0.908,0.344,1,0
-0.724,0.055,-0.771,0,0
0.329,0.235,-0.883,0,0
0.805,-0.668,0.031,1,0
-0.547,0.073,-0.919,0,0
0.754,-0.686,-0.244,0,0
0.685,0.561,0.561,0,0
-0.428,0.760,-0.411,0,0
0.125,0.846,-0.480,0,0
1.074,-0.232,0.074,0,0
0.762,-0.268,0.822,0,0
-0.198,0.752,-0.561,0,0
-0.471,0.688,-0.564,0,0
-0.481,0.793,-0.519,0,0
0.991,0.400,0.400,0,0
0.286,0.799,0.483,0,0
0.421,0.196,0.901,0,0
-0.326,0.872,0.066,0,1
0.451,-0.022,-0.937,0,0
0.439,0.739,-0.447,0,0
0.545,-0.165,0.880,0,0
-0.562,0.348,-0.834,0,0
-0.113,0.974,0.177,0,0
0.113,0.671,-0.648,1,0
0.922,0.182,-0.609,0,0
-0.128,-0.177,0.935,0,0
1.020,0.223,-0.268,0,0
0.929,-0.119,-0.571,0,0
0.359,0.380,0.888,0,0
0.006,0.678,0.646,0,0
0.259,0.937,0.249,0,0
-0.408,0.927,-0.160,0,0
0.518,-0.011,0.934,0,0
-0.826,-0.020,0.624,0,0
-0.137,0.829,0.524,0,0
0.204,-0.932,0.148,0,0
-0.506,0.282,0.873,0,0
1.027,0.310,-0.387,0,0
0.862,0.435,0.370,1,0
0.040,0.857,-0.410,0,0
0.545,-0.475,-0.724,1,0
0.759,-0.065,-0.774,0,0
-0.711,0.656,-0.432,0,0
0.344,-0.093,-0.937,0,0
0.882,0.127,0.635,1,0
-0.581,0.697,-0.615,0,0
0.051,-0.318,0.949,0,0
0.057,0.474,0.882,0,0
-0.784,-0.667,-0.238,0,0
0.252,-0.155,0.923,0,0
0.925,0.485,0.309,1,0
-0.496,0.103,-0.882,0,0
-0.782,0.706,0.144,0,0
-0.810,0.382,-0.561,0,0
0.022,0.118,0.971,0,0
0.815,0.550,-0.312,1,0
-1.094,0.210,0.490,0,0
-0.930,0.178,-0.613,0,0
0.737,0.458,0.602,0,0
0.628,0.109,0.857,0,0
-0.872,0.013,-0.649,1,0
1.091,0.231,-0.066,0,0
0.980,0.041,-0.493,0,0
0.431,0.734,0.495,0,0
-0.743,0.615,-0.484,0,0
-1.183,-0.079,0.140,0,0
0.962,-0.229,0.564,0,0
-0.752,0.577,-0.347,0,0
0.412,0.321,-0.778,0,0
-0.115,0.676,-0.702,1,0
-0.582,-0.643,0.566,0,0
-0.126,-0.854,0.427,0,0
-0.306,-0.775,0.361,0,0
-0.453,-0.437,0.795,0,0
0.347,0.939,-0.145,0,0
0.085,0.970,0.154,0,0
-0.832,-0.434,-0.591,0,0
0.634,0.776,-0.195,0,0
0.666,0.479,-0.623,0,0
-0.728,0.480,0.696,0,0
-1.185,0.287,0.212,0,0
-0.682,0.253,-0.709,0,0
0.789,0.330,-0.714,0,0
0.842,0.348,-0.542,0,0
1.083,0.009,-0.231,0,0
-0.506,-0.027,-0.901,0,0
0.064,0.821,0.562,0,0
-0.056,-0.969,-0.061,0,0
0.917,0.112,-0.602,0,0
1.126,0.115,-0.131,0,0
-1.128,-0.253,0.160,0,0
-0.574,-0.846,-0.144,0,0
-0.946,0.520,-0.329,1,0
-0.865,0.714,-0.016,1,1
-0.093,-0.113,1.018,0,0
-0.547,0.322,-0.784,0,0
0.266,0.696,0.704,0,0
0.607,0.551,0.687,0,0
-0.333,0.835,-0.536,0,0
0.279,0.941,0.107,0,1
-1.142,-0.148,0.149,0,0
1.149,0.252,-0.029,1,0
-1.044,-0.241,0.447,0,0
-0.716,-0.316,0.645,0,0
1.133,0.012,0.276,0,0
0.833,0.549,0.475,0,0
-0.696,0.570,-0.514,0,0
-0.401,0.854,0.197,0,0
-0.488,0.589,0.616,0,0
-0.312,-0.605,-0.777,0,0
0.732,0.731,0.060,0,1
-0.003,0.977,-0.175,0,0
-0.969,-0.603,-0.019,0,0
0.481,0.666,-0.610,0,0
-0.322,0.637,0.656,0,0
0.527,0.825,0.330,1,0
-0.946,-0.557,0.255,0,0
-0.317,0.883,0.279,0,0
-0.560,0.463,0.677,1,0
-0.437,-0.110,0.932,0,0
0.365,0.806,0.394,0,0
0.945,0.009,0.603,0,0
0.516,0.785,-0.170,0,0
1.097,0.172,-0.259,0,0
-1.155,0.075,-0.117,0,0
0.028,-0.303,0.948,0,0
0.173,0.462,0.779,0,0
-0.838,0.539,-0.168,0,0
-0.836,0.716,0.110,0,1
0.802,0.112,0.698,1,0
0.560,0.079,-0.843,0,0
-0.619,0.057,0.879,0,0
-0.457,-0.112,0.867,0,0
-0.062,0.737,0.601,0,0
-0.407,0.571,-0.748,0,0
0.943,-0.102,-0.580,0,0
-1.134,-0.161,-0.222,0,0
-0.832,0.667,-0.104,0,1
1.038,0.092,-0.441,0,0
0.179,0.969,-0.037,1,1
0.841,0.578,-0.122,0,0
0.598,0.798,0.334,1,0
0.135,0.512,0.837,0,0
0.984,0.029,-0.548,0,0
-0.102,0.600,0.766,0,0
-0.577,0.410,-0.741,1,0
-0.175,0.914,-0.197,0,0
-0.896,0.416,-0.448,0,0
-0.515,0.618,-0.533,0,0
0.961,-0.401,0.147,0,0
0.798,-0.679,0.042,0,0
-0.625,0.538,-0.542,0,0
0.528,0.458,-0.736,1,0
-0.453,0.477,0.762,0,0
-0.547,0.035,-0.930,0,0
0.346,-0.823,-0.487,0,0
0.256,-0.123,0.983,0,0
0.473,0.748,-0.514,0,0
-0.940,0.431,0.378,1,0
1.155,0.101,0.041,1,0
0.837,-0.259,-0.625,1,0
1.016,0.475,0.231,0,0
0.501,0.809,-0.444,0,0
0.113,0.568,0.805,0,0
0.325,0.629,-0.602,0,0
1.085,-0.332,-0.020,0,0
0.715,0.242,-0.709,0,0
0.152,-0.558,0.732,1,0
0.417,-0.815,0.302,0,0
0.378,0.191,-0.849,0,0
0.138,0.851,0.416,1,0
0.171,0.880,-0.238,0,0
-1.105,0.310,0.066,0,0
-0.572,0.476,-0.753,1,0
0.718,0.006,0.814,0,0
0.895,0.498,-0.348,1,0
-0.644,0.808,-0.214,0,0
-0.555,0.382,0.792,0,0
-0.076,0.610,-0.712,0,0
-0.031,0.844,0.459,0,0
0.457,0.733,0.584,0,0
0.360,-0.444,-0.788,0,0
-0.871,0.318,-0.540,0,0
1.080,0.208,0.229,0,0
-0.907,0.459,-0.364,1,0
-0.875,0.427,0.266,0,0
-0.520,-0.092,0.847,0,0
0.243,0.647,0.674,1,0
1.089,0.240,0.057,0,0
-0.851,-0.214,-0.655,1,0
0.101,0.486,-0.776,0,0
-0.334,0.838,-0.295,0,0
0.727,0.402,-0.458,0,0
-0.726,0.403,0.622,0,0
0.402,0.836,0.300,0,0
0.708,-0.485,0.579,0,0
0.411,0.852,-0.119,0,1
-0.525,0.708,0.441,0,0
-1.132,0.175,0.165,0,0
0.350,0.780,0.462,0,0
0.746,-0.389,0.616,0,0
0.322,0.123,0.950,0,0
-0.067,0.919,0.286,0,0
0.737,-0.682,-0.421,0,0
1.028,0.246,-0.230,0,0
0.898,0.587,-0.319,1,0
1.070,-0.285,0.283,0,0
-0.470,0.127,0.890,0,0
0.712,0.548,0.524,0,0
-0.896,0.181,0.578,0,0
-0.229,-0.295,0.967,0,0
-0.170,0.623,0.699,1,0
0.158,-0.190,0.972,1,0
0.933,0.528,-0.348,1,0
0.783,0.692,-0.264,0,0
-0.156,0.807,0.340,1,0
0.874,0.637,0.210,0,0
-1.001,0.321,-0.393,0,0
-0.510,-0.848,-0.141,0,0
0.560,0.763,0.307,1,0
-0.039,0.019,0.971,0,0
-0.598,-0.785,0.171,0,0
0.137,0.777,-0.606,0,0
0.615,-0.286,-0.799,0,0
0.434,0.708,0.609,0,0
-0.141,0.685,0.668,1,0
-0.214,0.889,0.191,0,0
-0.759,0.503,0.295,0,0
-0.640,0.451,-0.676,0,0
-0.614,0.779,0.186,0,0
-0.632,0.811,0.182,0,0
0.460,-0.706,0.334,1,0
-0.151,0.912,0.320,1,0
-0.888,-0.119,0.498,0,0
-0.676,-0.348,0.693,0,0
1.196,0.106,-0.043,1,0
-0.511,-0.353,-0.718,1,0
0.842,0.196,0.563,0,0
-0.881,0.583,-0.116,0,1
-0.691,0.767,0.213,0,0
0.834,-0.583,0.547,0,0
0.451,0.866,0.208,0,0
0.317,0.008,0.974,0,0
0.510,0.703,-0.489,0,0
0.198,0.248,0.873,0,0
-0.875,-0.398,-0.417,1,0
-0.593,0.790,0.067,0,1
-0.648,-0.169,0.862,0,0
-1.006,-0.360,0.134,0,0
0.530,0.614,0.711,1,0
0.652,-0.085,-0.816,0,0
-0.564,0.777,-0.066,1,1
-0.340,0.835,-0.392,0,0
0.653,0.177,-0.740,0,0
-0.949,0.422,0.263,0,0
0.007,0.128,-0.946,0,0
0.069,0.939,-0.178,0,0
1.053,0.283,0.411,0,0
0.344,-0.069,0.972,0,0
-1.065,-0.355,0.065,0,0
-0.055,0.847,-0.340,0,0
-0.924,-0.568,0.284,0,0
-0.395,0.421,-0.808,0,0
0.084,-0.502,0.809,0,0
-0.509,0.112,0.835,0,0
0.948,0.215,-0.571,0,0
-0.076,0.917,-0.135,0,0
0.196,0.965,-0.223,0,0
0.071,0.187,1.018,0,0
0.314,0.807,-0.200,0,0
1.109,0.286,-0.260,0,0
-0.992,-0.113,0.513,0,0
0.785,0.138,-0.655,0,0
-1.091,-0.144,0.262,0,0
0.136,-0.723,0.566,0,0
-0.841,-0.165,-0.694,1,0
-0.040,-0.206,0.983,0,0
-0.946,0.476,0.207,0,0
0.966,-0.094,0.487,0,0
0.726,0.663,0.442,0,0
0.830,0.477,0.458,0,0
0.211,-0.819,-0.253,0,0
0.303,-0.832,0.510,0,0
-0.082,0.732,0.559,0,0
-1.136,-0.165,0.123,0,0
-0.278,0.971,-0.063,0,1
-1.147,0.257,-0.094,0,0
1.070,-0.241,-0.218,0,0
-0.048,0.066,-0.997,0,0
-0.187,0.880,-0.418,1,0
0.497,0.115,0.817,0,0
0.190,-0.288,-0.950,0,0
-0.987,0.107,-0.435,0,0
0.869,0.560,0.330,1,0
-0.469,0.767,0.482,0,0
1.169,0.140,0.041,1,0
0.530,0.889,-0.212,0,0
0.102,0.837,0.305,0,0
-0.427,0.557,0.700,0,0
0.341,0.252,-0.949,0,0
0.497,-0.278,-0.808,0,0
-0.334,-0.286,-0.954,0,0
0.773,0.485,0.552,0,0
0.964,-0.349,0.022,0,0
-0.284,0.474,-0.884,0,0
-0.046,0.650,0.737,0,0
-0.546,0.227,0.750,1,0
-0.139,0.915,-0.081,0,1
0.109,0.010,-1.040,1,0
1.000,-0.419,-0.225,0,0
0.338,0.542,0.816,0,0
1.030,0.322,-0.329,0,0
-0.647,0.141,-0.886,0,0
-0.355,-0.871,0.240,0,0
-0.006,-0.111,0.981,0,0
-0.620,0.029,-0.795,0,0
1.171,0.168,-0.116,0,0
-0.500,-0.830,0.481,0,0
-1.093,0.040,-0.335,0,0
0.488,0.702,0.390,1,0
-1.094,0.388,0.243,0,0
-1.140,-0.164,0.084,0,0
0.531,0.698,0.404,1,0
-0.392,-0.826,0.472,0,0
-0.223,0.049,-0.966,0,0
1.106,-0.112,0.285,0,0
-1.113,0.085,-0.084,0,0
0.737,0.559,0.489,0,0
-0.981,0.424,-0.365,0,0
-0.210,-0.323,-0.947,0,0
0.388,0.458,-0.817,0,0
0.500,0.496,-0.749,1,0
0.829,0.452,-0.571,0,0
0.225,0.862,-0.392,1,0
0.050,0.444,-0.882,0,0
-1.047,-0.125,-0.390,0,0
0.920,0.361,0.498,0,0
-0.168,-0.823,0.495,0,0
-1.001,-0.010,0.439,0,0
0.447,-0.742,-0.468,0,0
-0.606,0.449,0.703,0,0
0.629,0.096,-0.842,0,0
0.056,-0.053,-0.943,0,0
-0.493,-0.555,-0.662,1,0
-0.889,0.261,0.472,0,0
-0.935,0.432,-0.403,0,0
0.775,0.355,-0.643,0,0
-0.967,0.282,-0.441,0,0
-1.080,0.066,-0.282,0,0
-0.620,0.572,-0.647,0,0
0.451,0.579,0.711,1,0
-0.436,0.454,-0.762,0,0
0.460,0.021,0.996,1,0
-0.883,-0.588,-0.054,1,0
-0.105,0.497,0.789,0,0
0.586,0.120,-0.848,0,0
-1.038,0.181,0.181,0,0
-0.625,0.236,-0.661,0,0
1.008,-0.099,0.419,0,0
-0.755,0.691,0.077,0,1
1.095,0.129,0.178,0,0
0.825,0.540,-0.516,0,0
0.730,0.114,0.777,0,0
-0.148,0.402,-0.932,0,0
-0.480,-0.545,0.785,0,0
0.916,0.283,-0.597,0,0
-0.972,-0.344,0.360,0,0
-0.472,-0.174,-0.909,0,0
1.078,-0.102,-0.416,0,0
-1.060,0.415,0.326,0,0
-0.978,0.405,-0.310,0,0
-0.771,0.558,0.354,0,0
-1.077,0.197,-0.305,0,0
0.512,0.815,0.172,0,0
0.941,0.568,-0.029,1,1
-0.385,0.822,0.426,0,0
0.507,0.264,-0.792,0,0
-0.914,-0.591,-0.051,1,0
-1.018,0.048,-0.403,0,0
-0.711,-0.068,-0.810,0,0
0.868,0.343,-0.535,0,0
-0.802,-0.288,-0.629,0,0
-0.988,0.472,0.256,0,0
0.623,-0.394,-0.686,0,0
-1.004,-0.061,-0.409,0,0
-0.165,0.890,-0.342,1,0
0.980,0.347,0.301,0,0
0.590,-0.197,0.914,0,0
-1.065,0.396,0.282,0,0
-0.688,0.561,0.552,0,0
0.966,-0.019,0.536,0,0
-0.308,0.399,0.855,0,0
0.502,-0.881,0.149,0,0
1.145,-0.117,0.051,0,0
-0.514,0.021,-0.885,0,0
1.049,0.409,0.220,0,0
0.733,0.635,0.265,0,0
-0.908,0.419,-0.289,1,0
-0.337,-0.002,0.917,0,0
0.776,0.218,-0.650,0,0
1.105,-0.131,0.202,0,0
1.137,0.164,-0.238,0,0
-0.235,-0.559,-0.783,0,0
-0.601,-0.319,-0.772,0,0
-0.168,0.780,-0.491,0,0
-0.861,0.438,-0.381,1,0
0.868,0.496,-0.380,1,0
-0.663,-0.133,0.796,0,0
0.429,0.460,-0.756,0,0
0.950,-0.409,-0.437,0,0
-0.076,0.873,0.091,0,1
-0.685,0.039,0.842,0,0
-0.965,0.342,0.439,0,0
0.533,0.848,-0.337,1,0
-1.121,-0.173,-0.099,0,0
0.844,-0.143,-0.609,0,0
-0.349,0.366,-0.841,0,0
-0.881,0.468,0.300,1,0
-0.965,-0.494,0.178,0,0
-0.332,0.773,0.301,0,0
0.428,0.631,0.617,0,0
-1.094,0.023,0.362,0,0
0.426,-0.860,0.076,0,0
1.182,-0.188,-0.187,0,0
-0.776,-0.678,-0.274,0,0
-0.436,0.119,0.891,0,0
0.809,-0.182,-0.635,0,0
0.806,0.334,0.611,0,0
-1.091,-0.131,0.355,0,0
0.633,0.643,0.596,0,0
-1.053,0.323,0.322,0,0
0.088,0.665,0.602,0,0
-1.027,0.461,-0.102,0,0
-0.581,-0.104,-0.856,0,0
-0.581,0.767,-0.303,1,0
0.401,0.595,-0.679,0,0
-1.049,0.160,0.161,0,0
0.760,0.026,-0.757,0,0
-0.396,0.874,0.040,0,1
0.903,0.049,-0.604,0,0
0.968,0.159,0.531,0,0
0.422,-0.027,0.952,0,0
1.017,0.031,-0.464,0,0
0.075,-0.168,-0.962,0,0
0.532,0.600,0.602,0,0
-0.212,0.823,0.368,1,0
-0.794,-0.543,-0.379,0,0
-0.705,0.610,-0.307,0,0
0.202,0.457,0.899,0,0
0.469,0.764,-0.563,0,0
1.066,0.268,0.010,0,0
0.232,0.965,0.102,0,1
-1.001,0.046,0.448,0,0
-0.882,-0.495,0.142,0,0
-1.164,0.158,-0.129,0,0
0.103,-0.830,-0.535,0,0
1.028,0.343,-0.081,0,0
0.007,-0.155,1.000,0,0
0.942,0.028,-0.673,1,0
0.342,0.160,0.996,0,0
-0.016,0.442,0.876,0,0
-0.355,-0.862,-0.107,0,0
0.274,0.457,-0.755,0,0
-0.625,0.121,0.825,0,0
0.515,0.762,-0.320,1,0
0.186,0.789,-0.425,1,0
0.348,0.733,-0.485,0,0
-0.383,-0.151,0.889,0,0
0.591,0.634,-0.647,0,0
0.845,-0.656,-0.322,1,0
-0.379,0.739,0.464,0,0
0.337,-0.864,-0.361,0,0
-1.029,0.221,0.308,0,0
-0.904,0.477,-0.454,0,0
1.138,0.093,0.180,0,0
-0.104,0.516,0.812,0,0
0.757,-0.115,0.734,0,0
-1.026,-0.167,-0.398,0,0
-0.638,-0.353,0.728,0,0
-0.474,0.824,-0.151,0,0
0.733,0.605,-0.391,0,0
0.531,-0.195,0.899,0,0
0.560,0.753,-0.357,1,0
0.992,-0.083,0.518,0,0
-0.021,0.817,-0.450,0,0
0.815,-0.364,0.644,1,0
-0.531,0.315,0.842,0,0
-1.195,-0.113,0.039,1,0
0.530,0.741,0.281,1,0
0.415,0.668,-0.710,0,0
0.177,-0.389,0.900,0,0
0.466,-0.187,0.893,0,0
0.186,0.502,-0.842,0,0
-0.567,0.223,-0.897,0,0
1.130,-0.147,-0.304,0,0
-0.049,0.654,0.696,0,0
0.935,0.420,0.145,0,0
-0.969,-0.615,0.113,0,0
-0.071,-0.120,-1.010,0,0
0.120,0.120,-0.993,1,0
0.259,0.412,-0.882,0,0
0.655,-0.158,0.759,0,0
-0.366,0.835,0.430,0,0
-0.224,-0.251,0.903,0,0
1.062,0.382,0.263,0,0
-0.908,0.092,0.583,0,0
-0.485,-0.848,-0.290,1,0
0.019,0.853,-0.384,0,0
1.078,0.183,0.159,0,0
0.905,0.428,-0.391,1,0
-0.946,0.380,-0.461,0,0
-0.196,0.671,0.682,1,0
0.169,0.866,-0.162,0,0
-0.848,0.292,-0.568,0,0
-0.568,-0.490,-0.660,1,0
-0.765,0.092,0.573,0,0
-0.817,0.544,0.521,0,0
-0.620,-0.454,-0.630,0,0
0.305,-0.140,-0.966,0,0
-0.019,-0.821,-0.614,0,0
1.065,0.051,0.281,0,0
0.584,0.379,-0.795,0,0
-0.920,-0.021,0.551,0,0
0.029,-0.069,-1.070,0,0
-0.499,-0.400,0.753,1,0
-0.067,-0.694,0.727,0,0
-0.660,-0.004,0.794,0,0
-0.145,-0.568,-0.782,0,0
0.471,0.506,-0.725,1,0
-1.199,0.026,0.016,1,0
-1.021,-0.427,0.245,0,0
-0.459,-0.111,-0.944,0,0
0.972,0.082,-0.530,0,0
-0.035,0.804,0.627,0,0
0.947,0.297,-0.427,0,0
0.212,0.160,0.947,0,0
-0.778,0.473,0.589,0,0
-0.757,-0.713,0.190,0,0
0.528,-0.564,-0.713,1,0
0.891,0.405,-0.552,0,0
-0.614,0.680,-0.416,0,0
0.317,0.858,0.136,0,0
0.050,-0.831,0.476,0,0
0.295,-0.469,-0.813,0,0
-1.088,0.067,0.462,0,0
0.251,0.004,-0.887,0,0
0.553,0.756,-0.379,1,0
0.635,0.315,0.731,0,0
-1.034,-0.100,-0.013,0,0
-0.048,0.896,0.303,0,0
0.811,0.648,0.140,0,0
-0.412,0.623,0.637,0,0
-0.898,-0.233,-0.460,0,0
0.054,0.205,-0.986,0,0
0.166,0.920,0.319,1,0
0.146,0.937,-0.377,1,0
0.637,-0.788,-0.295,0,0
-0.301,-0.376,0.882,0,0
0.599,-0.505,0.635,0,0
-1.099,-0.020,0.387,0,0
-0.348,0.557,-0.625,0,0
0.567,0.560,0.604,0,0
-0.868,-0.240,-0.624,1,0
1.115,0.369,-0.109,0,0
-0.513,0.612,0.607,0,0
-1.000,0.022,-0.500,0,0
0.972,0.528,0.213,0,0
0.171,0.691,-0.683,1,0
-0.521,0.891,0.095,0,1
0.975,-0.053,0.588,0,0
-0.637,-0.430,0.679,0,0
0.532,0.414,-0.709,1,0
0.604,-0.800,-0.088,0,0
0.232,-0.606,-0.713,1,0
0.314,0.424,0.815,0,0
0.704,-0.798,-0.247,0,0
0.742,0.489,-0.456,0,0
-0.021,0.244,-0.924,0,0
0.790,-0.730,-0.066,0,0
0.933,0.176,0.530,0,0
0.270,0.027,-0.968,0,0
0.730,-0.745,0.231,0,0
0.070,0.493,-0.880,0,0
-0.992,0.271,0.414,0,0
0.198,-0.497,-0.878,0,0
0.870,0.280,-0.572,0,0
-0.655,0.755,0.223,0,0
1.041,-0.122,0.498,0,0
1.004,-0.074,-0.630,0,0
-0.752,-0.714,0.267,0,0
-0.064,0.978,-0.049,0,1
-0.497,0.260,0.915,0,0
0.865,-0.059,-0.655,1,0
0.753,0.496,-0.627,0,0
1.021,-0.356,0.289,0,0
-0.195,0.919,-0.058,1,1
-0.093,0.464,-0.810,0,0
0.173,-0.046,0.954,0,0
0.224,0.914,-0.027,1,1
0.070,0.367,0.899,0,0
-0.448,-0.706,-0.500,0,0
1.085,-0.287,-0.279,0,0
-1.080,-0.021,-0.100,0,0
-0.991,0.425,0.248,0,0
-0.660,0.766,0.142,0,0
-0.850,0.301,0.616,0,0
-1.051,0.263,0.185,0,0
1.152,-0.160,-0.088,0,0
0.504,0.424,-0.791,0,0
-0.781,-0.473,0.411,0,0
0.716,0.724,0.006,0,1
0.988,0.501,0.200,0,0
0.382,0.605,0.634,0,0
-0.406,0.719,-0.422,0,0
1.104,0.066,0.406,0,0
-1.056,0.194,0.315,0,0
-0.700,-0.192,-0.849,0,0
-0.010,0.181,0.973,0,0
0.591,0.148,0.816,0,0
0.257,0.414,0.868,0,0
-0.579,0.133,0.895,0,0
-0.263,-0.363,-0.903,0,0
0.282,-0.522,-0.864,0,0
0.351,-0.100,0.955,0,0
-0.833,0.620,0.196,0,0
1.157,-0.051,0.118,0,0
-0.620,-0.142,-0.788,0,0
-0.729,0.088,0.722,0,0
0.609,0.431,-0.728,0,0
0.107,0.954,0.098,0,1
-0.909,0.454,0.452,0,0
1.106,-0.025,0.253,0,0
0.285,0.877,-0.115,0,1
-0.370,0.199,0.975,0,0
-0.459,0.843,0.084,0,1
-0.463,0.261,0.856,0,0
-0.607,0.667,-0.519,0,0
0.567,-0.011,-0.900,0,0
0.555,-0.002,0.859,0,0
0.992,0.401,0.188,0,0
0.054,0.673,-0.770,0,0
-0.214,0.673,-0.725,1,0
-0.361,-0.004,1.014,0,0
0.597,0.155,-0.840,0,0
-1.063,0.261,-0.269,0,0
-1.159,-0.014,0.325,1,0
0.469,0.520,-0.773,0,0
-0.537,-0.598,0.599,0,0
-1.086,-0.021,0.224,0,0
0.395,-0.941,0.117,0,0
0.655,0.619,-0.472,0,0
0.720,0.179,0.742,0,0
-0.802,0.145,0.596,0,0
-0.204,0.024,0.992,1,0
-0.711,-0.560,-0.559,0,0
-0.179,0.036,-1.062,1,0
-0.255,-0.096,0.933,0,0
0.713,-0.048,-0.777,0,0
-0.085,-0.368,-0.883,0,0
-0.452,-0.724,0.355,1,0
-0.858,-0.570,-0.257,0,0
1.176,-0.144,0.100,0,0
0.004,0.490,-0.809,0,0
-0.341,0.817,0.073,0,1
-0.998,0.222,-0.489,0,0
0.163,-0.277,1.022,1,0
0.565,0.718,0.338,1,0
-0.376,0.308,-0.927,0,0
0.562,0.533,-0.527,0,0
0.174,0.352,0.946,0,0
-0.113,0.424,-0.884,0,0
-0.890,0.041,0.646,1,0
-0.722,-0.289,0.646,0,0
-0.950,-0.139,0.554,0,0
0.239,0.730,0.526,0,0
0.735,-0.534,-0.515,0,0
-0.074,0.386,0.900,0,0
-1.180,-0.074,-0.173,0,0
0.524,0.501,-0.690,1,0
0.924,0.232,0.588,0,0
-0.643,-0.118,0.850,0,0
1.157,-0.025,0.316,1,0
1.102,0.200,-0.195,0,0
-0.962,-0.535,0.108,0,0
-1.011,0.084,-0.442,0,0
0.793,0.612,-0.252,0,0
0.587,0.655,-0.578,0,0
-0.021,0.602,-0.818,0,0
-0.716,0.529,-0.599,0,0
-0.344,0.815,-0.527,0,0
0.256,0.719,0.584,0,0
0.607,0.642,-0.467,0,0
-1.029,0.337,0.081,0,0
0.807,-0.274,-0.709,1,0
-0.285,0.744,0.479,0,0
-1.035,0.091,-0.331,0,0
-0.378,0.276,0.890,0,0
-0.527,0.472,-0.678,1,0
-0.742,-0.696,0.330,0,0
-0.420,-0.316,0.845,0,0
0.185,0.624,0.697,1,0
-0.967,-0.549,-0.226,0,0
-0.087,0.817,0.401,0,0
0.388,-0.006,0.887,0,0
-0.091,0.664,0.703,0,0
0.846,0.244,0.675,1,0
0.578,0.801,0.238,0,0
-0.433,-0.422,0.866,0,0
-1.005,0.294,0.415,0,0
-1.115,0.181,-0.043,0,0
0.191,-0.578,0.783,0,0
0.529,-0.074,0.886,0,0
0.438,-0.773,0.324,0,0
-0.029,-0.710,-0.606,0,0
-1.124,-0.144,0.032,0,0
-0.734,0.009,0.800,0,0
0.692,0.659,-0.403,0,0
0.530,0.372,0.843,0,0
0.985,0.375,-0.187,0,0
-0.928,0.475,0.304,1,0
-0.702,0.167,0.836,0,0
1.048,0.345,0.363,0,0
-0.955,0.431,-0.365,0,0
0.543,-0.661,0.463,0,0
0.546,0.812,-0.299,1,0
0.228,0.805,0.385,1,0
1.146,0.042,0.083,0,0
-0.077,0.190,1.036,0,0
1.190,0.158,-0.066,1,0
0.638,0.685,-0.351,0,0
-1.107,0.171,-0.340,0,0
-1.042,0.094,0.441,0,0
0.732,0.727,0.271,0,0
-0.006,-0.025,0.998,0,0
-0.616,0.014,-0.894,0,0
0.286,-0.684,-0.687,0,0
-0.880,0.410,-0.373,1,0
-0.851,-0.005,0.751,1,0
-0.852,-0.456,0.340,1,0
0.962,0.482,0.162,0,0
0.604,0.827,-0.164,0,0
0.910,-0.535,0.092,0,0
-1.040,0.369,-0.082,0,0
-0.682,0.790,-0.141,0,0
0.363,-0.000,-0.968,0,0
-0.373,0.750,-0.639,0,0
-0.698,0.056,-0.825,0,0
-0.272,0.936,0.083,0,1
0.876,0.464,0.406,1,0
-1.013,0.158,0.391,0,0
0.169,-0.064,1.007,1,0
-0.283,-0.013,0.978,0,0
0.306,-0.494,0.816,0,0
0.223,-0.561,-0.787,0,0
0.423,0.854,-0.252,0,0
0.037,0.475,0.853,0,0
0.964,0.532,-0.153,0,0
0.840,-0.118,0.715,1,0
-1.137,0.112,-0.255,0,0
-0.039,0.859,-0.318,0,0
0.981,-0.142,0.493,0,0
0.170,-0.949,0.096,0,0
1.013,-0.401,-0.318,0,0
0.261,0.249,0.937,0,0
-0.776,0.604,-0.085,0,1
-0.189,-0.164,-1.012,1,0
0.038,-0.786,0.537,0,0
-0.078,0.370,0.867,0,0
-0.489,0.029,-0.984,1,0
-0.824,0.561,0.370,1,0
0.447,-0.783,0.291,0,0
0.914,-0.098,-0.636,1,0
-1.130,-0.170,0.315,0,0
-0.625,0.648,0.511,0,0
0.772,-0.366,0.704,0,0
-0.754,0.637,0.177,0,0
-0.115,0.898,-0.327,1,0
0.611,0.819,0.046,0,1
0.147,0.458,-0.832,0,0
-0.487,0.608,-0.591,0,0
0.461,0.399,0.681,1,0
-0.670,0.245,-0.807,0,0
-0.881,0.482,-0.264,0,0
-0.173,0.940,0.387,1,0
-0.960,-0.052,0.619,0,0
0.158,0.419,-0.884,0,0
-0.536,0.782,0.323,1,0
0.564,0.691,-0.453,0,0
0.563,-0.785,0.013,1,0
0.773,-0.756,-0.350,0,0
0.293,0.810,-0.462,0,0
-0.230,0.799,0.454,0,0
0.302,-0.591,0.689,0,0
0.758,0.097,0.734,0,0
0.770,-0.681,0.342,0,0
0.446,0.908,-0.049,0,1
-0.362,0.902,0.064,0,1
-0.499,-0.218,-0.866,0,0
0.651,-0.168,-0.797,0,0
-0.461,0.120,0.889,0,0
-0.962,-0.088,-0.472,0,0
-0.865,-0.119,0.593,0,0
-0.762,0.181,0.778,0,0
0.953,-0.052,0.606,0,0
-1.022,0.220,-0.528,0,0
0.599,0.438,-0.685,1,0
-0.106,0.338,0.913,0,0
0.345,0.724,0.532,0,0
0.066,0.945,-0.077,0,1
-0.264,-0.139,0.999,0,0
-0.062,0.230,-0.974,0,0
-0.581,0.395,0.707,1,0
-0.753,0.438,0.661,0,0
-0.753,-0.702,0.014,0,0
0.159,0.762,0.552,0,0
-0.301,0.598,0.782,0,0
1.123,0.232,-0.208,0,0
-0.131,-0.486,-0.821,0,0
0.751,-0.061,0.721,0,0
-0.101,-0.473,-0.893,0,0
-1.113,-0.159,0.221,0,0
0.660,0.072,0.795,0,0
-0.213,0.452,0.822,0,0
-0.841,0.690,-0.096,0,1
1.111,-0.145,-0.282,0,0
0.814,0.447,-0.544,0,0
0.754,0.719,0.023,0,1
-0.263,0.552,-0.668,0,0
-1.097,-0.058,0.259,0,0
0.566,-0.406,0.704,1,0
-0.026,0.306,0.897,0,0
-0.182,0.059,-0.973,1,0
-0.047,0.059,1.041,0,0
0.472,0.815,-0.344,1,0
-0.880,0.434,-0.329,1,0
0.131,-0.025,0.961,0,0
0.943,0.533,0.221,0,0
0.721,-0.495,0.478,0,0
-1.105,0.031,0.119,0,0
0.889,0.170,0.604,0,0
-0.302,0.964,0.085,0,1
0.474,0.531,-0.770,0,0
0.538,-0.058,0.887,0,0
-0.019,0.863,-0.450,0,0
1.026,0.366,0.098,0,0
0.723,-0.143,-0.829,0,0
1.067,0.119,0.489,0,0
1.067,0.395,0.258,0,0
-1.113,0.104,-0.027,0,0
0.837,-0.136,-0.651,1,0
-1.164,0.098,-0.136,0,0
-0.349,0.847,0.377,0,0
-0.616,0.217,-0.798,0,0
0.939,0.544,-0.379,1,0
0.858,0.493,0.511,0,0
-0.106,0.524,0.786,0,0
-1.053,0.181,-0.380,0,0
-0.701,0.280,0.742,0,0
1.083,-0.049,-0.276,0,0
-1.162,-0.003,0.070,0,0
-0.536,-0.252,-0.809,0,0
1.168,-0.074,-0.232,0,0
-0.818,0.627,-0.203,0,0
0.736,0.698,-0.254,0,0
0.441,0.855,0.045,0,1
-0.024,0.687,0.606,0,0
-0.170,0.802,-0.493,0,0
0.801,0.545,-0.467,0,0
0.572,0.578,-0.565,0,0
1.024,0.412,0.152,0,0
1.070,0.031,0.241,0,0
-0.577,-0.095,-0.826,0,0
-0.478,0.261,0.916,0,0
-0.451,-0.801,-0.332,1,0
-1.133,-0.156,0.071,0,0
-0.919,-0.447,0.399,1,0
1.087,-0.347,0.172,0,0
-0.773,0.542,-0.470,0,0
0.633,-0.085,0.824,0,0
0.336,0.498,-0.772,0,0
-0.553,0.128,0.855,0,0
0.746,0.211,0.756,0,0
0.528,0.037,-0.856,0,0
-0.736,0.701,-0.177,0,0
-0.772,0.733,-0.137,0,0
-0.957,-0.427,0.259,0,0
0.961,0.008,-0.475,0,0
0.294,0.354,0.902,0,0
0.074,0.193,0.987,0,0
0.071,-0.171,-0.982,0,0
0.269,0.827,0.342,0,0
1.006,0.371,-0.010,0,0
0.345,-0.885,0.039,0,0
0.159,0.567,0.841,0,0
-0.227,0.218,0.925,0,0
0.800,0.551,-0.574,0,0
-1.050,0.248,-0.253,0,0
1.015,0.010,-0.253,0,0
-0.526,-0.335,-0.789,0,0
-1.042,0.026,0.317,0,0
-0.777,0.421,0.665,0,0
-0.668,0.748,-0.186,0,0
0.749,-0.193,0.654,0,0
0.988,-0.172,-0.485,0,0
0.916,0.302,0.427,0,0
0.838,0.502,0.361,1,0
0.330,0.541,-0.865,0,0
0.109,-0.372,0.801,0,0
-1.088,0.339,-0.123,0,0
-0.506,0.542,0.707,1,0
-0.299,-0.191,-1.037,0,0
-0.172,0.486,-0.831,0,0
-0.079,-0.036,-1.047,0,0
0.772,-0.433,0.573,0,0
-0.493,-0.043,-0.906,0,0
0.077,0.756,-0.656,0,0
0.148,0.781,0.561,0,0
-0.930,-0.098,-0.669,1,0
0.662,0.144,-0.854,0,0
-0.984,0.395,-0.277,0,0
-0.656,0.682,0.247,0,0
-0.959,0.456,-0.287,0,0
0.393,-0.129,-0.992,0,0
0.925,0.470,-0.363,1,0
-0.987,0.155,-0.541,0,0
-1.137,0.400,0.072,0,0
-0.301,-0.091,0.960,0,0
0.541,-0.848,0.103,0,0
0.228,0.632,-0.740,1,0
-0.477,0.291,-0.886,0,0
0.048,-0.005,1.028,0,0
-0.122,0.838,-0.475,0,0
0.182,0.672,0.711,1,0
0.418,-0.923,-0.218,0,0
0.054,-0.910,0.306,0,0
-0.247,0.877,0.298,0,0
-1.172,-0.104,-0.102,0,0
-0.489,-0.425,0.874,0,0
-0.528,0.188,0.880,0,0
0.305,0.581,-0.695,0,0
1.064,-0.246,0.014,0,0
-0.737,0.742,-0.044,0,1
0.111,0.878,-0.279,0,0
0.629,0.758,-0.203,0,0
-1.035,-0.399,-0.061,0,0
0.107,0.195,0.963,0,0
-0.707,-0.117,0.757,0,0
-0.749,0.352,0.694,0,0
0.984,-0.023,0.503,0,0
-1.111,0.131,-0.240,0,0
0.748,-0.626,-0.373,0,0
0.705,0.053,0.827,0,0
-0.570,0.411,0.710,1,0
-0.022,-0.167,0.964,0,0
-0.227,0.900,-0.118,0,1
-0.021,0.609,-0.666,0,0
0.714,-0.077,-0.789,0,0
-0.227,-0.044,0.951,0,0
0.853,-0.378,0.643,1,0
0.640,-0.532,-0.574,0,0
-0.238,-0.220,0.951,0,0
0.149,0.757,-0.574,0,0
0.689,0.497,-0.614,0,0
0.347,-0.700,-0.616,0,0
0.909,-0.427,0.482,0,0
0.138,0.771,-0.626,1,0
-0.572,-0.698,0.497,0,0
-0.260,0.891,0.275,0,0
-0.270,-0.482,-0.818,0,0
0.970,0.499,-0.218,0,0
0.346,0.595,0.753,0,0
0.444,-0.536,0.693,1,0
-0.312,-0.912,-0.096,0,0
-0.949,0.500,-0.023,1,1
-0.859,0.157,-0.640,1,0
-0.392,0.848,0.332,0,0
0.302,0.397,0.873,0,0
0.618,0.450,0.729,0,0
-0.751,0.254,-0.679,0,0
-0.184,-0.492,0.881,0,0
-0.539,0.821,0.053,1,1
0.389,-0.490,-0.722,0,0
-0.709,-0.091,-0.750,0,0
0.951,0.199,-0.534,0,0
0.318,0.848,0.519,0,0
-0.518,0.462,-0.716,1,0
1.024,-0.414,-0.034,0,0
-0.179,-0.041,-0.971,1,0
-1.133,0.199,-0.020,0,0
-0.813,-0.540,-0.369,1,0
0.884,0.394,0.516,0,0
-0.030,-0.587,-0.692,0,0
-0.630,0.714,-0.332,0,0
0.937,-0.178,0.598,0,0
-0.324,0.801,0.278,0,0
-0.405,0.210,-0.914,0,0
0.642,0.579,-0.397,0,0
-0.599,-0.289,0.702,1,0
0.444,-0.825,-0.385,0,0
1.088,0.387,0.001,0,0
0.306,-0.928,-0.201,0,0
0.386,0.880,0.326,0,0
0.363,0.322,0.890,0,0
1.185,-0.267,-0.061,1,0
-0.906,0.124,0.570,0,0
0.642,-0.681,0.376,0,0
0.697,0.719,0.197,0,0
-0.343,-0.814,0.350,0,0
-0.499,-0.022,0.892,0,0
0.447,0.450,0.871,0,0
-0.721,0.076,0.811,0,0
0.515,-0.073,-0.778,1,0
0.437,0.875,0.227,0,0
0.623,-0.001,-0.771,0,0
-0.057,0.777,-0.595,0,0
0.516,-0.884,0.128,0,0
0.367,0.228,-0.949,0,0
-0.201,0.690,0.635,1,0
0.862,-0.103,-0.620,1,0
-1.118,-0.146,0.385,0,0
-0.230,-0.011,-0.969,0,0
-0.378,0.137,0.960,0,0
-0.551,-0.801,-0.095,0,0
-0.439,0.298,-0.895,0,0
-0.429,0.861,-0.012,0,1
0.609,-0.075,-0.870,0,0
0.260,0.947,-0.070,0,1
0.870,-0.550,-0.397,1,0
-0.354,0.741,0.543,0,0
-0.330,0.880,-0.335,0,0
-1.138,0.047,0.071,0,0
0.689,0.358,-0.764,0,0
-0.009,0.932,-0.160,0,0
-0.735,0.549,0.421,0,0
0.568,0.701,0.396,1,0
0.187,0.229,-1.002,1,0
-0.470,-0.793,-0.396,1,0
-0.574,-0.033,0.818,0,0
0.873,0.169,0.484,0,0
-0.200,0.731,-0.607,0,0
-0.504,-0.312,0.818,0,0
1.073,0.137,-0.309,0,0
-0.559,0.836,0.078,0,1
-0.230,0.521,-0.817,0,0
-0.831,0.623,-0.266,0,0
1.004,0.041,0.458,0,0
0.616,0.682,0.520,0,0
0.847,-0.265,0.620,0,0
0.203,0.404,-0.922,0,0
0.407,0.078,-0.956,0,0
-0.530,0.831,-0.191,0,0
-1.140,0.280,-0.047,0,0
0.744,-0.444,-0.647,0,0
0.078,0.686,-0.664,0,0
-0.499,0.679,0.589,0,0
0.930,0.575,-0.249,0,0
0.564,0.640,-0.596,0,0
0.076,0.945,0.195,0,0
1.087,-0.251,-0.273,0,0
-0.189,0.940,0.229,0,0
-0.021,0.583,0.785,0,0
1.150,0.062,-0.216,0,0
0.946,0.291,0.333,1,0
-1.114,-0.108,-0.185,0,0
0.054,0.947,-0.140,0,0
0.152,0.702,0.674,1,0
0.809,0.513,-0.462,0,0
0.502,0.530,0.775,1,0
-0.428,-0.166,-0.917,0,0
-0.171,-0.874,0.238,0,0
-0.741,0.812,0.220,0,0
-0.283,0.945,-0.183,0,0
-0.593,0.812,-0.126,0,0
0.625,0.169,-0.797,0,0
-0.635,0.824,-0.073,0,1
0.041,0.914,-0.393,0,0
0.880,-0.068,0.639,1,0
-0.774,0.639,0.287,0,0
0.849,0.640,-0.011,1,1
-0.505,0.393,-0.768,1,0
0.881,-0.102,0.562,0,0
-1.092,0.265,-0.077,0,0
-0.603,0.210,-0.827,0,0
-0.926,-0.278,0.531,0,0
0.374,0.826,-0.300,0,0
-1.090,0.156,0.278,0,0
-0.708,0.163,0.755,0,0
0.878,0.447,0.480,0,0
-0.131,0.921,-0.127,0,0
0.669,0.287,-0.804,0,0
-0.480,0.436,0.846,0,0
0.423,-0.790,-0.398,0,0
0.029,0.164,-0.973,0,0
0.792,0.675,0.320,0,0
-0.638,0.089,0.829,0,0
1.010,-0.187,0.486,0,0
-0.199,0.852,-0.515,0,0
-0.429,0.407,-0.847,0,0
0.077,0.489,-0.846,0,0
-0.723,0.218,-0.674,0,0
0.726,0.734,0.179,0,0
-0.462,0.802,-0.016,1,1
0.404,-0.762,0.461,0,0
-0.854,0.639,0.136,0,0
-0.969,0.398,-0.125,0,0
1.011,0.332,0.390,0,0
-1.123,-0.062,0.306,0,0
-0.992,0.281,-0.374,0,0
0.049,-0.385,-0.909,0,0
-0.630,-0.498,0.640,0,0
-0.899,0.414,0.297,1,0
-1.069,-0.019,0.456,0,0
0.183,0.159,-0.975,1,0
0.286,0.620,0.720,0,0
-0.261,-0.006,-0.943,0,0
-0.497,0.857,-0.001,1,1
0.967,-0.403,0.353,0,0
-0.005,0.428,0.879,0,0
0.891,0.415,-0.455,0,0
-0.224,0.478,0.873,0,0
-0.117,-0.495,0.940,0,0
0.593,0.885,0.092,0,1
-0.333,0.413,0.839,0,0
-0.145,0.860,-0.565,0,0
-1.068,0.036,0.420,0,0
0.076,0.011,1.002,0,0
0.261,-0.155,-0.950,0,0
-0.133,-0.038,1.041,1,0
-0.652,-0.752,-0.281,0,0
-0.306,-0.737,-0.490,0,0
-0.422,0.219,0.865,0,0
0.065,-0.111,-0.965,0,0
1.103,-0.425,-0.021,0,0
0.044,0.783,0.526,0,0
0.812,-0.733,-0.104,0,0
-0.765,0.728,0.173,0,0
-1.244,-0.085,-0.079,0,0
1.071,-0.039,0.036,0,0
0.557,-0.140,-0.846,0,0
0.063,-0.596,-0.825,0,0
0.852,-0.445,-0.517,0,0
0.928,-0.058,0.483,0,0
-0.816,0.502,0.457,0,0
-0.226,0.355,-0.876,0,0
0.016,0.908,-0.418,0,0
-0.430,0.689,0.657,0,0
0.882,0.642,-0.204,0,0
0.649,-0.169,-0.853,0,0
0.460,-0.477,-0.740,1,0
0.883,-0.314,0.499,0,0
-0.694,0.475,0.651,0,0
-1.026,0.130,-0.499,0,0
-0.438,0.231,0.892,0,0
0.811,-0.585,-0.427,0,0
1.118,0.255,-0.300,0,0
1.057,0.230,-0.377,0,0
0.433,0.831,-0.360,0,0
0.880,-0.243,0.525,0,0
-0.215,0.903,0.042,1,1
-0.678,0.276,0.830,0,0
0.055,-0.783,0.507,0,0
-0.387,0.237,0.879,0,0
-0.643,0.702,-0.488,0,0
0.913,0.027,-0.669,1,0
-1.009,0.163,0.537,0,0
-0.544,-0.712,-0.623,1,0
0.118,0.329,-0.943,0,0
0.369,0.060,0.939,0,0
0.955,-0.187,-0.543,0,0
-0.931,-0.543,-0.040,1,0
0.592,0.662,0.547,0,0
-0.762,-0.248,-0.643,0,0
-1.001,-0.142,0.542,0,0
0.978,0.270,0.546,0,0
-0.660,0.297,-0.782,0,0
-0.465,0.648,0.572,0,0
-0.820,-0.139,0.675,1,0
0.527,-0.630,-0.632,1,0
-1.217,-0.179,-0.059,1,0
-1.028,0.390,0.260,0,0
0.652,0.085,0.802,0,0
-1.110,0.124,-0.159,0,0
0.896,0.476,-0.421,1,0
0.439,0.813,0.321,0,0
-0.739,0.484,-0.511,0,0
-0.061,-0.170,-0.902,0,0
1.125,0.079,0.483,0,0
-0.218,0.348,0.958,0,0
-0.095,0.660,0.709,1,0
0.439,-0.801,-0.079,0,0
-0.967,0.020,0.399,0,0
0.142,0.056,-0.992,1,0
-0.353,-0.375,-0.880,0,0
0.260,-0.454,0.781,0,0
-0.850,0.342,0.624,1,0
0.576,-0.387,0.783,0,0
0.874,-0.117,0.544,0,0
1.098,-0.149,0.151,0,0
-1.153,0.250,0.211,0,0
-0.256,0.838,0.463,0,0
0.733,-0.675,-0.197,0,0
1.009,-0.252,-0.483,0,0
1.068,0.281,0.241,0,0
-0.577,-0.080,0.868,0,0
-0.938,-0.024,0.552,0,0
-0.751,-0.660,0.434,0,0
0.578,0.397,-0.757,1,0
0.654,0.260,0.750,0,0
-0.244,0.294,0.970,0,0
0.531,0.751,-0.305,1,0
-1.018,0.375,0.218,0,0
0.164,-0.609,0.723,1,0
-0.859,-0.353,0.649,1,0
1.072,0.398,-0.115,0,0
0.425,0.822,-0.405,0,0
0.051,0.883,-0.319,0,0
1.010,-0.486,0.259,0,0
-0.197,0.287,-0.910,0,0
-0.855,0.490,0.305,1,0
0.669,0.637,0.414,0,0
-0.787,0.681,-0.134,0,0
-0.632,0.238,0.779,0,0
-0.478,-0.084,0.901,0,0
-0.370,-0.376,0.839,0,0
0.015,-0.123,-0.974,0,0
-0.529,0.828,-0.269,1,0
0.007,0.473,0.909,0,0
-0.844,-0.068,-0.590,0,0
-0.021,0.401,-0.877,0,0
0.025,-0.127,-1.029,0,0
-0.981,0.312,0.438,0,0
0.055,0.575,0.818,0,0
0.478,0.446,0.794,0,0
0.571,0.542,0.574,0,0
-0.380,0.803,-0.420,0,0
-0.587,0.379,0.731,1,0
1.143,-0.022,0.070,0,0
0.993,0.365,-0.136,0,0
0.026,-0.974,0.143,0,0
0.109,-0.144,1.025,1,0
-0.608,-0.158,0.849,0,0
-1.217,0.175,0.194,0,0
-0.091,0.712,0.692,0,0
-0.471,0.499,0.806,0,0
-0.491,-0.531,0.642,1,0
-1.090,-0.095,0.420,0,0
0.717,-0.598,0.368,0,0
-0.011,-0.902,-0.395,0,0
-0.027,0.907,-0.079,0,1
-0.039,0.856,-0.522,0,0
-0.732,-0.071,0.739,0,0
0.449,0.818,0.501,0,0
-0.500,0.865,-0.126,0,0
0.383,0.249,0.903,0,0
-0.347,0.928,0.141,0,0
-0.930,0.311,0.479,0,0
-0.236,-0.430,-0.833,0,0
0.649,-0.268,0.746,0,0
-0.504,0.481,0.768,1,0
-0.769,0.121,0.666,0,0
-0.779,0.006,0.718,0,0
0.965,-0.188,-0.533,0,0
-1.133,0.028,-0.212,0,0
-0.531,0.543,-0.804,0,0
-0.600,-0.660,0.476,0,0
-0.455,0.893,-0.094,0,1
-0.288,0.787,0.522,0,0
-1.099,-0.172,-0.198,0,0
0.860,0.187,0.604,0,0
0.868,0.550,-0.217,0,0
-1.116,-0.171,0.108,0,0
-0.900,0.662,0.092,0,1
0.951,0.417,-0.277,0,0
0.134,0.586,-0.749,1,0
-0.639,-0.599,0.480,0,0
0.138,0.688,-0.600,0,0
-0.146,-0.035,-0.974,1,0
0.959,0.198,0.475,0,0
0.689,0.353,-0.728,0,0
0.791,-0.597,-0.220,0,0
-0.822,0.075,-0.725,1,0
1.041,-0.174,-0.019,0,0
0.782,0.714,0.124,0,0
-0.298,0.595,0.706,0,0
-0.138,0.497,-0.796,0,0
0.885,0.537,0.403,1,0
-0.586,0.759,0.388,1,0
0.890,0.509,0.036,1,1
0.583,-0.151,-0.822,0,0
-0.850,0.284,-0.586,0,0
-0.438,0.826,0.343,0,0
1.123,-0.041,0.186,0,0
0.711,0.251,0.795,0,0
-0.060,0.398,-0.932,0,0
-0.812,0.291,0.590,0,0
-0.198,0.562,-0.799,0,0
-0.663,0.251,-0.717,0,0
0.188,0.653,0.720,1,0
0.063,-0.049,1.011,0,0
0.473,-0.595,0.646,1,0
0.699,0.499,-0.620,0,0
-0.323,-0.737,-0.499,0,0
-0.975,0.541,-0.108,0,1
-1.011,0.151,-0.405,0,0
0.257,0.004,-1.034,0,0
1.042,0.246,0.372,0,0
-1.117,0.080,0.277,0,0
0.563,-0.399,0.830,0,0
-1.171,0.099,0.095,0,0
1.045,0.343,0.274,0,0
-0.413,0.300,0.914,0,0
-0.113,0.297,0.977,0,0
0.606,-0.711,0.414,0,0
-0.878,-0.440,0.328,1,0
0.434,0.728,0.532,0,0
-0.082,0.829,-0.572,0,0
-0.667,0.285,0.757,0,0
-1.095,-0.288,0.100,0,0
-0.975,-0.511,0.252,0,0
0.849,0.464,-0.539,0,0
0.905,0.615,0.195,0,0
-0.591,0.743,-0.298,0,0
0.955,0.479,0.029,0,0
-0.023,-0.949,-0.032,0,0
-0.741,0.605,-0.416,0,0
-0.277,-0.983,0.138,0,0
-0.157,-0.655,0.677,1,0
-0.175,0.663,0.676,1,0
0.047,0.922,-0.294,0,0
0.021,0.747,0.611,0,0
-1.045,0.265,-0.059,0,0
0.006,0.891,-0.347,0,0
-1.134,0.059,0.212,0,0
-0.797,-0.269,-0.596,0,0
-0.980,0.161,0.530,0,0
0.015,0.882,-0.436,0,0
0.173,0.762,0.584,0,0
-0.704,0.500,-0.516,0,0
-0.087,-1.002,0.025,0,0
-0.481,0.875,-0.248,0,0
-0.015,-0.364,0.884,0,0
-1.122,-0.047,0.187,0,0
-1.061,-0.364,0.276,0,0
-0.370,0.907,0.028,0,1
-1.066,-0.351,-0.107,0,0
0.542,-0.441,-0.702,1,0
-0.818,0.594,-0.221,0,0
1.069,-0.326,0.266,0,0
-0.297,0.889,0.251,0,0
0.194,0.057,-1.008,1,0
-0.501,-0.673,0.499,0,0
-0.990,0.539,0.289,0,0
1.091,0.193,-0.211,0,0
-0.171,-0.942,-0.210,0,0
-0.510,-0.107,0.826,0,0
0.994,0.450,-0.041,0,0
0.735,0.401,-0.671,0,0
-0.533,-0.051,0.927,0,0
-0.703,-0.695,0.372,0,0
-1.029,0.047,0.422,0,0
1.081,0.201,-0.119,0,0
-0.512,0.080,0.857,0,0
-0.735,0.652,-0.239,0,0
-0.993,-0.499,-0.256,0,0
-0.247,-0.917,-0.003,1,0
-0.559,-0.788,0.356,1,0
0.428,0.543,0.732,0,0
-0.823,0.627,0.326,1,0
-1.142,0.078,0.012,0,0
0.457,-0.169,-0.840,0,0
0.138,-0.544,0.786,0,0
-0.368,0.724,-0.535,0,0
-0.817,0.425,0.570,0,0
-0.162,-0.289,-0.864,0,0
-0.810,-0.186,0.767,0,0
1.100,-0.043,-0.222,0,0
0.727,0.728,-0.072,0,1
-0.669,0.633,-0.447,0,0
-0.642,0.417,0.672,0,0
-0.181,0.636,0.769,1,0
0.439,-0.843,-0.432,0,0
-0.876,-0.384,0.551,0,0
-0.372,0.075,-0.966,0,0
0.859,0.005,0.610,0,0
-0.571,-0.713,0.473,0,0
0.674,-0.689,0.321,0,0
0.352,0.050,0.989,0,0
-0.704,-0.771,-0.033,0,0
-1.081,0.307,0.167,0,0
0.794,0.295,-0.664,0,0
-1.131,0.212,-0.078,0,0
0.693,-0.548,0.596,0,0
-0.018,-0.207,-0.947,0,0
-0.713,-0.621,0.408,0,0
0.285,0.719,-0.657,0,0
-0.428,0.689,-0.659,0,0
0.906,0.364,0.489,0,0
-0.807,0.560,-0.356,1,0
0.221,0.246,0.975,0,0
-0.376,-0.818,-0.501,0,0
0.128,-0.093,0.999,1,0
-0.165,-0.033,-0.994,1,0
0.523,0.520,-0.703,1,0
1.046,0.259,-0.370,0,0
-0.489,0.744,-0.444,0,0
0.568,-0.119,0.818,0,0
0.259,-0.940,0.195,0,0
0.239,-0.774,0.495,0,0
-1.062,0.389,0.160,0,0
-0.074,0.339,-0.926,0,0
-0.538,0.021,0.917,0,0
0.560,0.342,0.804,0,0
0.902,0.466,0.304,1,0
-0.102,-0.363,0.926,0,0
-0.624,0.322,-0.727,0,0
-0.284,-0.154,-0.912,0,0
0.762,0.393,-0.612,0,0
0.098,0.941,0.188,0,0
-0.199,0.608,-0.727,1,0
0.529,-0.021,0.876,0,0
-0.887,0.474,0.417,1,0
-0.853,-0.160,0.549,0,0
0.373,0.854,-0.111,0,1
0.684,-0.191,0.817,0,0
-0.863,0.236,-0.666,1,0
-1.158,0.138,-0.104,0,0
-0.029,0.943,-0.133,0,0
-0.884,0.220,-0.598,0,0
-0.169,0.884,-0.238,0,0
-0.476,-0.183,-0.882,0,0
0.542,-0.397,-0.737,1,0
-0.555,0.050,-0.875,0,0
-0.574,0.785,0.240,0,0
0.311,0.619,0.695,0,0
0.378,0.169,-0.908,0,0
0.444,-0.309,0.829,0,0
-1.107,0.060,-0.231,0,0
0.315,-0.860,0.145,0,0
1.111,0.170,0.016,0,0
1.084,-0.090,-0.377,0,0
0.756,-0.618,0.250,0,0
0.444,0.576,-0.754,0,0
-0.519,-0.039,-0.810,0,0
-1.001,0.389,-0.394,0,0
-0.259,-0.520,0.723,0,0
0.012,0.612,-0.749,0,0
0.727,0.236,0.767,0,0
-0.492,0.092,-0.869,0,0
-0.028,0.571,-0.783,0,0
-0.438,0.635,0.699,0,0
0.758,0.014,0.782,0,0
0.240,0.749,0.537,0,0
0.037,0.916,0.077,0,1
0.893,-0.059,-0.618,0,0
0.631,0.798,0.045,0,1
-0.980,0.535,-0.049,0,1
-0.619,0.837,0.273,0,0
-0.096,0.418,0.838,0,0
-0.981,-0.058,0.536,0,0
0.256,0.764,-0.608,0,0
0.964,0.446,0.227,0,0
0.545,0.855,0.132,0,0
1.144,-0.051,-0.207,0,0
-0.244,0.098,0.987,0,0
-0.835,0.372,0.616,0,0
-1.039,-0.280,-0.102,0,0
0.786,0.121,0.769,0,0
-0.621,0.821,0.037,0,1
0.616,-0.527,-0.700,0,0
-0.271,0.057,-0.997,0,0
-0.862,0.569,-0.388,1,0
0.858,-0.187,0.645,1,0
0.708,-0.210,0.716,0,0
1.024,-0.135,-0.428,0,0
0.774,0.549,-0.465,0,0
-0.930,0.113,-0.683,1,0
0.534,-0.056,-0.891,0,0
1.122,0.256,0.115,0,0
0.382,0.656,-0.591,0,0
0.866,0.584,-0.347,1,0
1.028,-0.390,-0.355,0,0
0.455,0.666,-0.565,0,0
0.049,0.875,0.268,0,0
0.825,0.636,0.123,0,0
0.251,0.925,-0.112,0,1
0.241,-0.056,-0.950,0,0
0.137,0.004,0.979,1,0
-0.074,0.909,-0.217,0,0
1.085,0.097,-0.296,0,0
-0.973,0.556,0.016,0,1
-0.951,-0.041,0.543,0,0
0.969,0.167,-0.527,0,0
1.059,-0.287,0.227,0,0
1.145,-0.178,0.083,0,0
0.148,0.897,0.002,1,1
-0.898,0.138,-0.518,0,0
-0.248,0.806,0.282,0,0
-0.747,0.609,0.147,0,0
0.488,0.513,0.771,1,0
-0.550,0.315,0.763,1,0
-0.753,0.313,0.690,0,0
0.657,-0.031,-0.915,0,0
0.452,0.801,0.210,0,0
0.707,-0.590,0.437,0,0
0.916,0.290,0.524,0,0
1.030,-0.051,-0.421,0,0
0.411,0.812,-0.226,0,0
0.653,-0.107,0.828,0,0
0.847,0.459,0.484,0,0
-1.076,-0.004,0.127,0,0
-0.835,-0.335,-0.607,0,0
-0.591,-0.796,-0.189,0,0
-0.259,0.397,-0.898,0,0
0.929,-0.074,-0.468,0,0
0.314,-0.380,0.836,0,0
0.850,0.588,-0.482,0,0
0.734,-0.731,0.010,0,0
0.476,0.598,-0.739,1,0
0.745,0.260,-0.719,0,0
0.616,-0.457,0.723,0,0
-0.599,0.711,-0.344,1,0
0.933,0.097,-0.597,0,0
0.487,0.133,0.960,0,0
0.136,-0.938,-0.371,1,0
1.087,0.358,0.140,0,0
-0.607,0.004,0.769,0,0
0.398,-0.185,0.923,0,0
-0.095,-0.313,-0.961,0,0
0.403,0.565,-0.754,0,0
-0.253,0.919,-0.026,0,1
1.018,0.276,0.312,0,0
0.131,0.927,-0.199,0,0
0.854,-0.066,0.699,1,0
0.928,-0.461,-0.395,1,0
1.113,-0.257,0.022,0,0
0.037,-0.171,-0.987,0,0
-0.447,0.610,0.554,0,0
-0.481,-0.125,-0.969,0,0
0.116,-0.606,0.764,0,0
-0.422,-0.419,-0.874,0,0
0.664,-0.013,0.827,0,0
0.976,0.413,-0.279,0,0
0.117,0.789,-0.535,0,0
-0.485,-0.339,0.838,0,0
-0.928,-0.071,-0.678,1,0
0.032,0.620,-0.704,0,0
-0.713,0.435,-0.638,0,0
0.212,0.521,-0.790,0,0
1.069,0.273,-0.047,0,0
0.442,0.847,-0.039,0,1
-0.093,-0.848,-0.417,0,0
0.686,0.535,-0.665,0,0
-1.049,-0.264,0.296,0,0
0.152,0.930,0.109,0,1
0.548,0.001,-0.860,0,0
-1.070,-0.045,0.322,0,0
-0.142,0.870,-0.410,1,0
-1.077,0.093,0.379,0,0
-0.987,0.361,-0.230,0,0
-1.139,-0.017,-0.141,0,0
-0.011,0.148,1.040,0,0
-0.477,-0.642,0.589,0,0
-0.043,-0.670,0.767,0,0
-0.896,-0.153,0.652,1,0
0.083,0.027,0.964,0,0
-0.967,0.426,-0.188,0,0
-0.021,0.946,0.035,0,1
0.116,0.973,-0.005,1,1
0.815,0.571,-0.277,0,0
0.748,0.646,0.134,0,0
0.701,0.696,0.104,0,1
-0.404,0.633,-0.669,0,0
0.088,0.057,1.029,0,0
0.129,0.344,0.896,0,0
0.894,0.375,0.372,1,0
1.209,-0.105,-0.093,0,0
0.870,0.220,0.566,0,0
-0.028,-0.930,-0.303,0,0
0.735,0.344,-0.783,0,0
-1.101,-0.119,-0.295,0,0
-0.018,0.347,0.903,0,0
-0.077,0.045,-0.958,0,0
0.839,-0.540,-0.217,0,0
0.812,0.561,0.397,1,0
0.094,0.953,-0.291,0,0
1.035,0.264,0.304,0,0
-0.852,0.517,-0.482,0,0
-0.837,-0.563,-0.505,0,0
0.219,0.527,-0.786,0,0
0.636,-0.119,-0.833,0,0
0.506,0.840,-0.007,1,1
0.187,0.755,-0.589,0,0
0.719,0.283,-0.598,0,0
1.105,-0.128,0.346,0,0
0.956,0.260,-0.484,0,0
0.603,-0.579,-0.623,0,0
-0.482,0.879,0.200,0,0
-0.211,0.651,-0.670,1,0
-1.085,-0.086,0.386,0,0
0.164,0.641,0.661,1,0
1.052,-0.178,-0.287,0,0
-0.679,0.832,0.098,0,1
0.077,0.647,-0.691,0,0
0.124,-0.128,0.935,0,0
-0.672,0.641,0.398,0,0
-1.183,0.109,-0.094,0,0
0.904,-0.504,0.133,0,0
0.749,0.339,0.631,0,0
-0.538,0.154,-0.856,0,0
-1.021,0.323,0.385,0,0
0.255,0.117,1.066,0,0
0.813,0.292,0.638,0,0
-0.058,-0.551,0.851,0,0
0.653,0.048,0.866,0,0
0.467,-0.153,0.851,0,0
0.742,-0.455,-0.520,0,0
0.150,0.790,0.580,0,0
0.880,-0.528,-0.256,0,0
0.171,0.218,-0.955,0,0
-0.044,0.532,0.775,0,0
-0.530,0.860,-0.112,0,1
0.166,0.279,0.895,0,0
0.035,0.942,-0.131,0,0
-0.675,0.708,-0.032,0,1
0.566,0.706,-0.493,0,0
0.961,0.464,0.024,0,0
1.092,-0.073,0.195,0,0
-0.004,0.908,-0.033,0,1
1.046,0.315,-0.098,0,0
0.231,-0.070,0.974,0,0
-1.068,0.178,0.277,0,0
-0.133,0.663,0.585,0,0
-0.129,-0.688,0.671,1,0
0.530,-0.504,-0.699,1,0
-1.079,0.184,-0.235,0,0
1.150,0.195,0.018,1,0
-1.049,0.376,-0.019,0,0
0.810,-0.360,-0.573,0,0
0.234,0.666,0.697,1,0
0.783,0.332,0.624,0,0
0.242,0.142,0.976,0,0
1.039,-0.038,0.477,0,0
0.267,-0.802,-0.479,0,0
0.225,0.321,0.932,0,0
0.072,-0.956,-0.239,0,0
-0.437,0.860,-0.186,0,0
-0.986,0.366,-0.066,0,0
0.278,0.706,0.484,0,0
-0.991,0.435,0.187,0,0
0.357,0.832,-0.234,0,0
0.743,0.638,-0.329,0,0
0.913,0.293,0.548,0,0
0.775,0.220,-0.771,0,0
1.000,-0.128,0.505,0,0
0.351,-0.189,0.880,0,0
0.597,0.151,0.862,0,0
-0.626,0.088,0.749,0,0
-0.183,0.248,0.930,0,0
0.084,-0.761,-0.447,0,0
-0.317,0.754,-0.530,0,0
-0.681,0.533,-0.549,0,0
0.883,0.308,0.398,1,0
-0.425,0.458,-0.854,0,0
-0.873,0.388,-0.376,1,0
0.812,0.042,-0.730,1,0
0.544,0.785,-0.247,0,0
-0.442,0.622,-0.687,0,0
0.499,-0.495,-0.701,1,0
-0.390,0.903,-0.144,0,0
-0.645,-0.094,-0.823,0,0
-0.055,0.912,0.325,0,0
0.660,0.054,0.831,0,0
-0.994,0.427,0.254,0,0
-0.104,0.260,-0.920,0,0
0.498,-0.357,-0.783,0,0
-0.091,0.720,-0.535,0,0
-0.380,-0.121,-0.956,0,0
0.890,0.504,-0.301,1,0
0.087,0.639,0.699,0,0
-0.847,0.174,0.683,1,0
-0.302,0.371,-0.882,0,0
-1.039,-0.111,0.414,0,0
0.457,-0.835,-0.064,0,0
-0.585,0.369,-0.714,1,0
-0.448,0.545,-0.674,1,0
-0.177,0.693,0.598,0,0
0.064,0.628,0.697,0,0
-0.334,-0.377,-0.860,0,0
-0.962,0.398,0.297,0,0
-0.920,0.691,0.218,0,0
0.268,-0.875,-0.000,0,0
1.001,-0.269,-0.195,0,0
1.179,0.044,-0.090,0,0
0.842,-0.167,-0.695,1,0
-0.874,0.303,-0.659,1,0
0.101,-0.989,-0.175,0,0
0.181,0.914,0.230,0,0
-0.993,0.430,0.141,0,0
-0.016,0.907,-0.293,0,0
-0.794,-0.599,0.011,1,0
0.281,0.360,0.794,0,0
-0.770,0.532,0.351,0,0
-0.564,0.779,0.015,1,1
-0.325,-0.727,0.568,0,0
-1.159,-0.067,-0.089,0,0
-0.678,-0.749,0.286,0,0
0.609,0.261,-0.772,0,0
0.680,0.732,0.257,0,0
0.123,0.377,-1.021,1,0
0.126,-0.243,-0.986,1,0
0.444,0.750,-0.430,0,0
-1.150,-0.018,0.381,1,0
1.072,0.385,-0.090,0,0
0.333,0.733,-0.572,0,0
0.910,0.298,0.420,1,0
0.372,0.505,0.855,0,0
-0.738,-0.073,-0.755,0,0
1.013,-0.400,0.057,0,0
-0.752,-0.115,0.784,0,0
-0.454,0.847,0.190,0,0
-0.162,-0.074,0.977,1,0
-1.166,0.182,0.199,0,0
0.599,-0.177,-0.894,0,0
0.622,0.726,0.338,0,0
-0.009,0.769,0.592,0,0
-0.021,-0.627,0.723,0,0
-0.685,0.278,-0.766,0,0
0.617,0.623,-0.543,0,0
0.949,0.373,-0.313,0,0
-0.414,0.616,0.619,0,0
-0.068,-0.371,0.979,0,0
-0.065,0.929,0.147,0,0
-0.061,-0.933,-0.147,0,0
1.000,-0.081,-0.294,0,0
-0.842,-0.105,-0.653,1,0
0.095,-0.747,-0.574,0,0
-0.291,-0.789,0.621,0,0
0.348,-0.798,-0.429,0,0
0.206,0.693,-0.678,1,0
0.120,0.397,-0.901,0,0
-0.164,0.217,0.939,0,0
0.772,-0.674,0.142,0,0
0.446,-0.659,-0.623,0,0
-1.107,0.276,0.171,0,0
-0.404,0.300,-0.831,0,0
1.176,0.154,0.157,0,0
-0.518,-0.072,-0.996,1,0
0.875,0.631,-0.068,1,1
1.024,-0.424,0.162,0,0
-0.013,0.196,-0.966,0,0
-0.662,0.686,-0.430,0,0
-0.076,0.898,-0.417,0,0
-0.527,0.776,-0.240,0,0
0.945,0.138,-0.455,0,0
0.998,0.054,0.485,0,0
-0.745,-0.156,0.787,0,0
-0.050,0.834,-0.549,0,0
1.034,0.310,-0.026,0,0
-0.403,0.818,-0.536,0,0
-0.403,-0.663,-0.686,0,0
0.253,-0.901,0.155,0,0
0.531,-0.543,-0.660,1,0
-0.391,0.772,-0.493,0,0
0.481,-0.869,-0.242,0,0
0.175,-0.644,0.641,1,0
-0.992,0.435,0.267,0,0
0.362,0.094,0.941,0,0
-0.036,0.904,0.317,0,0
0.413,0.023,0.940,0,0
-0.582,0.166,0.864,0,0
0.420,0.462,0.750,0,0
0.751,-0.659,-0.250,0,0
0.037,0.927,0.131,0,0
-0.239,0.162,0.989,0,0
0.923,-0.433,0.420,0,0
0.926,0.448,0.436,0,0
0.133,-0.542,-0.768,1,0
-1.080,0.301,0.131,0,0
0.918,-0.016,0.588,0,0
0.482,0.155,-0.848,0,0
-0.605,-0.604,-0.556,0,0
0.767,-0.026,-0.685,0,0
