gene,cluster,mean_expr,pct_expressing
SFTPC,AT2,0.862,0.900
SFTPC,KRT8+ transitional,0.360,0.480
SFTPC,AT1,0.031,0.089
SFTPC,Basal,0.046,0.061
SFTPC,Ciliated,0.030,0.038
SFTPC,Fibroblast,0.025,0.067
SFTPC,Endothelial,0.022,0.041
SFTPC,Macrophage,0.059,0.028
LAMP3,AT2,0.912,0.828
LAMP3,KRT8+ transitional,0.026,0.031
LAMP3,AT1,0.056,0.086
LAMP3,Basal,0.046,0.061
LAMP3,Ciliated,0.048,0.029
LAMP3,Fibroblast,0.057,0.051
LAMP3,Endothelial,0.037,0.094
LAMP3,Macrophage,0.053,0.081
ABCA3,AT2,0.928,0.782
ABCA3,KRT8+ transitional,0.043,0.096
ABCA3,AT1,0.031,0.091
ABCA3,Basal,0.065,0.033
ABCA3,Ciliated,0.059,0.097
ABCA3,Fibroblast,0.036,0.057
ABCA3,Endothelial,0.030,0.022
ABCA3,Macrophage,0.030,0.076
KRT8,AT2,0.340,0.410
KRT8,KRT8+ transitional,0.845,0.845
KRT8,AT1,0.280,0.330
KRT8,Basal,0.021,0.087
KRT8,Ciliated,0.038,0.080
KRT8,Fibroblast,0.020,0.026
KRT8,Endothelial,0.040,0.024
KRT8,Macrophage,0.026,0.033
CLDN4,AT2,0.220,0.250
CLDN4,KRT8+ transitional,0.955,0.793
CLDN4,AT1,0.037,0.072
CLDN4,Basal,0.048,0.052
CLDN4,Ciliated,0.051,0.035
CLDN4,Fibroblast,0.035,0.090
CLDN4,Endothelial,0.065,0.098
CLDN4,Macrophage,0.069,0.024
SFN,AT2,0.031,0.057
SFN,KRT8+ transitional,0.879,0.926
SFN,AT1,0.300,0.370
SFN,Basal,0.029,0.036
SFN,Ciliated,0.046,0.071
SFN,Fibroblast,0.056,0.092
SFN,Endothelial,0.056,0.067
SFN,Macrophage,0.038,0.053
AGER,AT2,0.058,0.064
AGER,KRT8+ transitional,0.250,0.300
AGER,AT1,0.839,0.944
AGER,Basal,0.047,0.068
AGER,Ciliated,0.062,0.023
AGER,Fibroblast,0.053,0.084
AGER,Endothelial,0.058,0.085
AGER,Macrophage,0.054,0.061
RTKN2,AT2,0.064,0.026
RTKN2,KRT8+ transitional,0.050,0.084
RTKN2,AT1,0.871,0.962
RTKN2,Basal,0.025,0.039
RTKN2,Ciliated,0.042,0.023
RTKN2,Fibroblast,0.023,0.060
RTKN2,Endothelial,0.055,0.056
RTKN2,Macrophage,0.022,0.035
KRT5,AT2,0.044,0.050
KRT5,KRT8+ transitional,0.029,0.036
KRT5,AT1,0.048,0.057
KRT5,Basal,0.883,0.948
KRT5,Ciliated,0.032,0.022
KRT5,Fibroblast,0.022,0.079
KRT5,Endothelial,0.067,0.067
KRT5,Macrophage,0.045,0.082
TP63,AT2,0.058,0.092
TP63,KRT8+ transitional,0.031,0.082
TP63,AT1,0.023,0.076
TP63,Basal,0.893,0.820
TP63,Ciliated,0.056,0.025
TP63,Fibroblast,0.037,0.085
TP63,Endothelial,0.029,0.091
TP63,Macrophage,0.059,0.066
FOXJ1,AT2,0.045,0.074
FOXJ1,KRT8+ transitional,0.060,0.071
FOXJ1,AT1,0.021,0.094
FOXJ1,Basal,0.021,0.040
FOXJ1,Ciliated,0.959,0.904
FOXJ1,Fibroblast,0.053,0.053
FOXJ1,Endothelial,0.045,0.040
FOXJ1,Macrophage,0.051,0.092
COL1A1,AT2,0.057,0.058
COL1A1,KRT8+ transitional,0.033,0.061
COL1A1,AT1,0.028,0.094
COL1A1,Basal,0.038,0.031
COL1A1,Ciliated,0.057,0.020
COL1A1,Fibroblast,0.953,0.897
COL1A1,Endothelial,0.061,0.053
COL1A1,Macrophage,0.046,0.050
CTHRC1,AT2,0.040,0.047
CTHRC1,KRT8+ transitional,0.029,0.069
CTHRC1,AT1,0.046,0.097
CTHRC1,Basal,0.061,0.050
CTHRC1,Ciliated,0.064,0.068
CTHRC1,Fibroblast,0.879,0.884
CTHRC1,Endothelial,0.028,0.078
CTHRC1,Macrophage,0.100,0.140
CLDN5,AT2,0.064,0.082
CLDN5,KRT8+ transitional,0.020,0.090
CLDN5,AT1,0.070,0.034
CLDN5,Basal,0.040,0.095
CLDN5,Ciliated,0.033,0.023
CLDN5,Fibroblast,0.025,0.027
CLDN5,Endothelial,0.886,0.893
CLDN5,Macrophage,0.061,0.040
MARCO,AT2,0.024,0.037
MARCO,KRT8+ transitional,0.042,0.095
MARCO,AT1,0.034,0.027
MARCO,Basal,0.058,0.082
MARCO,Ciliated,0.028,0.087
MARCO,Fibroblast,0.036,0.033
MARCO,Endothelial,0.023,0.061
MARCO,Macrophage,0.844,0.873
SPP1,AT2,0.042,0.046
SPP1,KRT8+ transitional,0.180,0.220
SPP1,AT1,0.056,0.039
SPP1,Basal,0.052,0.033
SPP1,Ciliated,0.056,0.076
SPP1,Fibroblast,0.041,0.076
SPP1,Endothelial,0.053,0.035
SPP1,Macrophage,0.881,0.785
