group,mouse,centre_pct,distance_m
vehicle,1,10.0,41.9
vehicle,2,6.1,39.8
vehicle,3,6.9,40.6
vehicle,4,11.3,42.0
vehicle,5,12.5,40.2
vehicle,6,6.8,40.9
vehicle,7,11.2,41.1
vehicle,8,7.4,42.4
vehicle,9,4.5,41.3
vehicle,10,8.5,44.4
vehicle,11,9.9,43.2
vehicle,12,12.2,40.9
BXM-2,1,22.1,42.8
BXM-2,2,19.7,43.8
BXM-2,3,24.1,44.5
BXM-2,4,23.4,41.2
BXM-2,5,14.3,43.3
BXM-2,6,19.7,38.5
BXM-2,7,16.4,41.9
BXM-2,8,13.6,39.9
BXM-2,9,17.5,42.8
BXM-2,10,20.7,40.3
BXM-2,11,17.5,40.0
BXM-2,12,22.0,44.0
