group,mouse,day,latency_s
vehicle,1,1,60.0
vehicle,1,2,38.1
vehicle,1,3,12.0
vehicle,1,4,14.2
vehicle,1,5,12.5
vehicle,2,1,60.0
vehicle,2,2,31.4
vehicle,2,3,22.2
vehicle,2,4,12.0
vehicle,2,5,8.7
vehicle,3,1,60.0
vehicle,3,2,35.0
vehicle,3,3,24.5
vehicle,3,4,21.3
vehicle,3,5,9.8
vehicle,4,1,60.0
vehicle,4,2,39.6
vehicle,4,3,24.9
vehicle,4,4,10.8
vehicle,4,5,13.1
vehicle,5,1,60.0
vehicle,5,2,31.3
vehicle,5,3,28.9
vehicle,5,4,17.5
vehicle,5,5,9.6
vehicle,6,1,60.0
vehicle,6,2,42.9
vehicle,6,3,18.6
vehicle,6,4,17.3
vehicle,6,5,15.6
vehicle,7,1,60.0
vehicle,7,2,42.5
vehicle,7,3,24.3
vehicle,7,4,20.2
vehicle,7,5,20.0
vehicle,8,1,60.0
vehicle,8,2,40.1
vehicle,8,3,22.3
vehicle,8,4,17.5
vehicle,8,5,6.8
vehicle,9,1,60.0
vehicle,9,2,38.1
vehicle,9,3,29.1
vehicle,9,4,22.6
vehicle,9,5,6.1
vehicle,10,1,60.0
vehicle,10,2,42.3
vehicle,10,3,14.7
vehicle,10,4,14.6
vehicle,10,5,12.3
vehicle,11,1,60.0
vehicle,11,2,42.5
vehicle,11,3,23.0
vehicle,11,4,15.1
vehicle,11,5,11.5
vehicle,12,1,60.0
vehicle,12,2,36.9
vehicle,12,3,23.1
vehicle,12,4,18.7
vehicle,12,5,12.2
BXM-2,1,1,60.0
BXM-2,1,2,33.5
BXM-2,1,3,24.6
BXM-2,1,4,14.7
BXM-2,1,5,18.6
BXM-2,2,1,60.0
BXM-2,2,2,38.9
BXM-2,2,3,28.0
BXM-2,2,4,15.2
BXM-2,2,5,18.0
BXM-2,3,1,60.0
BXM-2,3,2,42.0
BXM-2,3,3,18.2
BXM-2,3,4,18.6
BXM-2,3,5,5.0
BXM-2,4,1,55.8
BXM-2,4,2,37.5
BXM-2,4,3,20.1
BXM-2,4,4,17.7
BXM-2,4,5,24.0
BXM-2,5,1,60.0
BXM-2,5,2,35.9
BXM-2,5,3,25.6
BXM-2,5,4,19.4
BXM-2,5,5,11.9
BXM-2,6,1,60.0
BXM-2,6,2,42.6
BXM-2,6,3,27.2
BXM-2,6,4,11.7
BXM-2,6,5,12.4
BXM-2,7,1,60.0
BXM-2,7,2,33.8
BXM-2,7,3,25.9
BXM-2,7,4,12.6
BXM-2,7,5,17.6
BXM-2,8,1,60.0
BXM-2,8,2,39.5
BXM-2,8,3,21.7
BXM-2,8,4,16.3
BXM-2,8,5,5.0
BXM-2,9,1,60.0
BXM-2,9,2,40.9
BXM-2,9,3,14.0
BXM-2,9,4,21.1
BXM-2,9,5,5.0
BXM-2,10,1,60.0
BXM-2,10,2,34.8
BXM-2,10,3,28.5
BXM-2,10,4,17.5
BXM-2,10,5,5.1
BXM-2,11,1,60.0
BXM-2,11,2,46.3
BXM-2,11,3,24.3
BXM-2,11,4,15.5
BXM-2,11,5,12.0
BXM-2,12,1,60.0
BXM-2,12,2,44.5
BXM-2,12,3,21.9
BXM-2,12,4,16.6
BXM-2,12,5,8.8
