row,col,condition,enterocytes_pct
A,1,control,22.1
A,2,control,25.8
A,3,day 2,9.3
A,4,day 2,20.4
A,5,day 2,14.8
A,6,day 3,27.4
A,7,day 3,27.4
A,8,day 3,26.5
A,9,day 4,42.3
A,10,day 4,45.7
A,11,day 5,34.9
A,12,day 5,35.0
B,1,control,15.6
B,2,control,16.0
B,3,day 2,20.0
B,4,day 2,18.1
B,5,day 2,22.0
B,6,day 3,33.9
B,7,day 3,26.7
B,8,day 3,34.1
B,9,day 4,45.0
B,10,day 4,43.7
B,11,day 5,30.4
B,12,day 5,33.0
C,1,control,20.5
C,2,control,23.9
C,3,day 2,15.4
C,4,day 2,20.1
C,5,day 2,12.5
C,6,day 3,31.5
C,7,day 3,31.6
C,8,day 3,27.2
C,9,day 4,39.2
C,10,day 4,46.2
C,11,day 5,34.7
C,12,day 5,32.5
D,1,control,22.3
D,2,control,18.8
D,3,day 2,15.8
D,4,day 2,13.1
D,5,day 2,15.6
D,6,day 3,33.2
D,7,day 3,28.9
D,8,day 3,32.7
D,9,day 4,39.7
D,10,day 4,42.1
D,11,day 5,28.6
D,12,day 5,32.7
E,1,control,21.3
E,2,control,20.4
E,3,day 2,14.1
E,4,day 2,19.3
E,5,day 2,19.6
E,6,day 3,26.1
E,7,day 3,33.8
E,8,day 3,24.5
E,9,day 4,40.6
E,10,day 4,42.4
E,11,day 5,33.4
E,12,day 5,29.6
F,1,control,18.7
F,2,control,21.2
F,3,day 2,12.8
F,4,day 2,12.9
F,5,day 2,17.1
F,6,day 3,33.0
F,7,day 3,29.8
F,8,day 3,30.1
F,9,day 4,42.9
F,10,day 4,41.5
F,11,day 5,31.4
F,12,day 5,29.7
G,1,control,23.1
G,2,control,20.7
G,3,day 2,14.6
G,4,day 2,15.6
G,5,day 2,16.7
G,6,day 3,34.5
G,7,day 3,29.1
G,8,day 3,28.7
G,9,day 4,43.6
G,10,day 4,40.3
G,11,day 5,37.1
G,12,day 5,36.0
H,1,control,23.2
H,2,control,20.6
H,3,day 2,17.4
H,4,day 2,18.4
H,5,day 2,16.6
H,6,day 3,29.1
H,7,day 3,24.6
H,8,day 3,33.0
H,9,day 4,41.9
H,10,day 4,40.3
H,11,day 5,35.8
H,12,day 5,34.1
