mat,km,split_s,split,pace_per_km,elapsed_s,elapsed,plan_elapsed,vs_plan_s,vs_plan,course
KM 1,1,284,4:44,4:44,284,0:04:44,0:04:37,7,+0:07,
KM 2,2,279,4:39,4:39,563,0:09:23,0:09:15,8,+0:08,
KM 3,3,277,4:37,4:37,840,0:14:00,0:13:52,8,+0:08,
KM 4,4,281,4:41,4:41,1121,0:18:41,0:18:29,12,+0:12,Bridge 1
KM 5,5,276,4:36,4:36,1397,0:23:17,0:23:06,11,+0:11,
KM 6,6,277,4:37,4:37,1674,0:27:54,0:27:44,10,+0:10,
KM 7,7,277,4:37,4:37,1951,0:32:31,0:32:21,10,+0:10,
KM 8,8,277,4:37,4:37,2228,0:37:08,0:36:58,10,+0:10,
KM 9,9,282,4:42,4:42,2510,0:41:50,0:41:36,14,+0:14,Bridge 2
KM 10,10,276,4:36,4:36,2786,0:46:26,0:46:13,13,+0:13,
KM 11,11,276,4:36,4:36,3062,0:51:02,0:50:50,12,+0:12,
KM 12,12,276,4:36,4:36,3338,0:55:38,0:55:27,11,+0:11,
KM 13,13,279,4:39,4:39,3617,1:00:17,1:00:05,12,+0:12,Bridge 3
KM 14,14,275,4:35,4:35,3892,1:04:52,1:04:42,10,+0:10,
KM 15,15,276,4:36,4:36,4168,1:09:28,1:09:19,9,+0:09,
KM 16,16,275,4:35,4:35,4443,1:14:03,1:13:57,6,+0:06,
KM 17,17,279,4:39,4:39,4722,1:18:42,1:18:34,8,+0:08,Bridge 4
KM 18,18,276,4:36,4:36,4998,1:23:18,1:23:11,7,+0:07,
KM 19,19,275,4:35,4:35,5273,1:27:53,1:27:48,5,+0:05,
KM 20,20,275,4:35,4:35,5548,1:32:28,1:32:26,2,+0:02,
KM 21,21,275,4:35,4:35,5823,1:37:03,1:37:03,0,±0:00,
KM 22,22,280,4:40,4:40,6103,1:41:43,1:41:40,3,+0:03,Bridge 5
KM 23,23,275,4:35,4:35,6378,1:46:18,1:46:18,0,±0:00,
KM 24,24,274,4:34,4:34,6652,1:50:52,1:50:55,-3,−0:03,
KM 25,25,274,4:34,4:34,6926,1:55:26,1:55:32,-6,−0:06,
KM 26,26,277,4:37,4:37,7203,2:00:03,2:00:09,-6,−0:06,Bridge 6
KM 27,27,273,4:33,4:33,7476,2:04:36,2:04:47,-11,−0:11,
KM 28,28,272,4:32,4:32,7748,2:09:08,2:09:24,-16,−0:16,
KM 29,29,272,4:32,4:32,8020,2:13:40,2:14:01,-21,−0:21,
KM 30,30,271,4:31,4:31,8291,2:18:11,2:18:39,-28,−0:28,
KM 31,31,276,4:36,4:36,8567,2:22:47,2:23:16,-29,−0:29,Bridge 7
KM 32,32,270,4:30,4:30,8837,2:27:17,2:27:53,-36,−0:36,
KM 33,33,270,4:30,4:30,9107,2:31:47,2:32:30,-43,−0:43,
KM 34,34,271,4:31,4:31,9378,2:36:18,2:37:08,-50,−0:50,
KM 35,35,274,4:34,4:34,9652,2:40:52,2:41:45,-53,−0:53,Bridge 8
KM 36,36,271,4:31,4:31,9923,2:45:23,2:46:22,-59,−0:59,
KM 37,37,268,4:28,4:28,10191,2:49:51,2:51:00,-69,−1:09,
KM 38,38,268,4:28,4:28,10459,2:54:19,2:55:37,-78,−1:18,
KM 39,39,272,4:32,4:32,10731,2:58:51,3:00:14,-83,−1:23,Bridge 9
KM 40,40,267,4:27,4:27,10998,3:03:18,3:04:51,-93,−1:33,
KM 41,41,267,4:27,4:27,11265,3:07:45,3:09:29,-104,−1:44,
FINISH,42.195,313,5:13,4:22,11578,3:12:58,3:15:00,-122,−2:02,Finish arch
