perturbation,programme,PDCD1,HAVCR2,LAG3,TOX,ENTPD1,CXCL13,TIGIT,CTLA4,GZMB,PRF1,IFNG,TNF,GNLY,NKG7,KLRD1,FASLG,TCF7,SELL,IL7R,CCR7,LEF1,KLF2,S1PR1,BCL6,MKI67,TOP2A,CDK1,CCNB1,TYMS,PCNA,MCM2,E2F1,HSPA1A,DNAJB1,ATF3,DDIT3,XBP1,HSPH1,JUN,FOS
ARID1A,Exhaustion,-1.371,-0.955,-1.084,-1.327,-0.779,-1.464,-1.432,-1.669,0.914,0.915,1.654,0.459,0.526,1.161,1.496,0.737,0.089,0.592,0.483,0.293,0.200,0.653,0.266,0.304,-0.040,-0.231,-0.088,0.217,-0.034,-0.259,0.240,0.095,0.379,0.011,-0.083,-0.261,0.238,0.463,-0.148,-0.116
NR4A1,Exhaustion,-1.454,-1.236,-1.084,-1.754,-1.183,-1.396,-1.760,-0.933,1.187,0.521,1.108,0.877,1.016,0.815,0.815,0.671,0.506,0.675,-0.111,0.580,0.177,0.584,0.131,0.652,0.062,-0.158,0.108,-0.019,0.089,-0.094,0.196,0.109,-0.032,0.114,0.227,0.322,-0.283,0.159,0.084,-0.017
SUV39H1,Exhaustion,-1.042,-1.275,-1.148,-1.210,-1.022,-1.161,-1.197,-1.156,0.552,0.803,0.686,0.985,0.709,0.883,1.081,0.578,0.429,0.233,0.686,0.495,0.620,0.133,0.636,0.342,0.076,-0.211,0.341,-0.313,0.209,0.134,-0.330,-0.054,0.249,0.194,-0.309,-0.105,-0.222,-0.196,-0.127,0.320
TOX,Exhaustion,-0.975,-1.087,-1.258,-1.269,-0.963,-1.538,-1.120,-1.356,0.805,0.817,1.143,1.206,0.896,0.580,0.755,1.190,0.708,0.587,0.278,0.620,0.080,0.040,0.294,0.394,-0.346,-0.147,-0.084,-0.215,-0.269,0.007,0.162,-0.042,-0.134,0.069,0.129,-0.054,0.098,0.188,-0.037,-0.146
MYB,Exhaustion,-0.993,-0.962,-0.907,-0.789,-0.514,-0.995,-1.135,-0.910,0.954,0.703,0.871,0.943,1.089,0.725,0.821,0.904,0.626,0.243,0.304,1.027,0.608,0.447,0.829,0.582,-0.198,0.121,-0.162,-0.090,0.059,-0.023,-0.137,-0.099,-0.107,0.210,-0.130,-0.103,0.367,-0.100,0.268,0.237
ARID1B,Exhaustion,-0.852,-0.907,-1.188,-1.248,-0.568,-0.886,-0.929,-0.629,1.115,0.611,0.847,0.897,1.290,1.090,0.647,0.613,0.101,0.169,0.497,0.285,0.679,0.347,0.381,0.501,0.152,0.184,0.064,-0.216,0.213,-0.128,0.107,-0.280,0.141,-0.138,0.198,0.321,0.214,-0.207,-0.167,-0.153
CDK4,Exhaustion,-0.932,-0.584,-0.962,-0.695,-0.793,-0.980,-1.225,-1.477,1.069,0.805,0.711,0.678,0.654,0.436,0.407,0.492,0.565,-0.009,0.158,0.300,0.506,-0.125,0.604,0.347,0.136,0.225,-0.146,-0.567,0.058,0.234,0.207,-0.098,-0.018,0.050,-0.327,-0.121,-0.116,0.284,-0.118,0.282
XBP1,Exhaustion,-0.876,-0.935,-0.820,-1.066,-0.908,-0.621,-0.765,-0.635,-0.036,0.521,0.715,1.023,0.700,1.137,0.866,0.857,0.630,0.104,0.293,0.534,0.209,0.565,0.252,0.374,-0.022,-0.047,0.041,-0.076,0.098,-0.345,-0.051,-0.303,-0.087,0.093,0.004,-0.020,0.012,0.283,-0.199,0.160
RORC,Exhaustion,-1.002,-0.755,-0.633,-0.738,-0.757,-0.471,-0.784,-1.091,0.388,0.364,0.579,0.442,0.745,0.716,0.910,0.801,0.274,0.211,-0.052,0.322,0.349,0.179,0.335,0.407,-0.107,0.245,0.566,0.156,0.198,0.036,-0.055,0.403,-0.058,0.079,-0.014,0.114,-0.001,0.114,-0.220,-0.010
IKZF2,Exhaustion,-0.627,-0.295,-0.514,-0.712,-0.694,-0.582,-0.550,-0.579,0.520,0.436,0.162,0.697,0.351,0.165,0.438,0.374,0.248,0.120,0.146,0.178,-0.205,0.398,0.089,0.067,0.135,0.008,0.497,-0.248,-0.131,0.019,0.247,-0.042,-0.255,0.209,-0.163,-0.033,0.161,-0.118,-0.079,0.090
PRDM1,Exhaustion,-0.369,-0.403,-0.507,-0.556,-0.694,-0.699,-0.301,-0.350,0.337,0.409,0.318,0.540,0.183,0.476,0.128,0.615,0.176,-0.123,0.219,0.035,0.209,-0.096,0.341,0.882,-0.230,0.061,-0.056,0.035,-0.326,-0.207,0.083,-0.007,0.294,-0.127,0.031,0.524,-0.138,-0.163,-0.006,-0.008
SATB1,Exhaustion,-0.521,-0.812,-0.305,-0.563,-0.404,-0.590,-0.457,-0.291,0.341,0.626,0.565,0.307,0.432,0.677,0.577,0.102,0.211,0.258,0.152,0.181,-0.153,0.286,-0.046,0.058,-0.108,-0.131,0.134,0.069,-0.121,-0.170,-0.084,0.174,0.023,0.042,-0.059,-0.046,0.039,-0.332,0.290,-0.142
ATF4,Exhaustion,-0.297,-0.476,-0.217,-0.488,-0.638,-0.710,-0.441,-0.413,0.303,0.565,0.246,0.229,0.249,0.688,0.618,0.582,0.129,0.089,0.079,0.204,0.246,0.178,0.374,0.268,-0.177,-0.077,-0.118,0.033,-0.210,-0.032,0.125,0.005,-0.164,-0.111,0.022,0.087,0.151,-0.026,-0.237,0.256
EZH2,Exhaustion,-0.606,-0.501,-0.467,-0.058,-0.263,-0.554,-0.637,-0.435,0.213,0.198,0.419,0.570,0.418,0.538,0.302,0.541,0.037,-0.126,0.087,-0.213,0.148,0.034,-0.080,0.294,-0.083,-0.017,-0.185,-0.137,0.089,0.062,-0.088,0.061,0.030,0.024,0.282,-0.077,0.071,0.071,-0.047,-0.215
E2F3,Effector,-0.272,-0.021,-0.160,0.385,-0.021,-0.043,-0.075,0.335,-1.398,-0.749,-1.231,-0.998,-0.868,-0.785,-0.948,-0.838,0.288,-0.095,-0.035,-0.163,-0.474,-0.022,0.209,-0.087,-0.335,0.045,0.011,0.177,0.161,-0.052,0.069,-0.327,0.197,0.030,0.192,0.188,-0.055,-0.030,-0.161,-0.375
NOTCH1,Effector,0.440,0.055,-0.005,0.074,-0.046,0.065,0.053,-0.092,-1.107,-0.920,-0.559,-0.944,-0.672,-1.051,-0.513,-0.732,-0.023,0.210,-0.333,0.089,0.591,-0.312,0.290,-0.297,0.084,0.310,0.284,-0.148,-0.219,-0.245,0.142,-0.058,0.013,0.058,0.084,0.106,0.032,-0.280,0.271,-0.486
KDM6B,Effector,-0.115,-0.014,0.046,-0.038,0.302,0.025,0.017,-0.130,-0.554,-1.050,-1.350,-0.902,-0.568,-1.410,-0.581,-1.239,-0.286,-0.054,0.308,-0.168,-0.249,0.079,0.222,0.170,-0.072,0.021,0.046,0.198,0.374,-0.032,0.221,-0.075,0.093,-0.181,-0.150,0.062,-0.174,0.147,-0.112,0.001
CHD7,Effector,-0.028,-0.073,0.011,0.181,0.546,-0.227,0.041,-0.044,-0.925,-0.693,-0.787,-0.817,-0.489,-1.274,-0.594,-0.511,-0.185,0.081,0.050,-0.076,0.205,-0.248,0.103,-0.055,-0.203,-0.045,-0.076,0.134,-0.282,-0.048,-0.095,0.270,-0.214,0.178,-0.329,0.049,-0.038,0.055,-0.140,-0.365
DNMT3A,Effector,0.013,-0.052,-0.072,0.108,0.113,-0.177,0.253,-0.206,-0.935,-0.839,-0.295,-0.772,-0.875,-0.625,-0.788,-0.580,0.175,0.035,0.102,0.153,-0.017,0.276,-0.369,-0.177,0.248,0.065,-0.128,0.056,0.184,-0.112,0.127,-0.034,-0.032,-0.024,0.189,-0.213,-0.078,0.108,-0.231,-0.296
ZEB2,Effector,-0.059,0.177,-0.238,0.031,0.116,0.123,-0.186,-0.249,-0.342,-0.712,-0.912,-0.813,-0.976,-0.544,-0.623,-0.635,0.059,0.103,0.195,-0.050,0.070,-0.053,-0.098,0.135,-0.132,0.030,-0.127,-0.001,-0.080,0.212,0.029,0.028,0.310,-0.508,-0.189,-0.482,0.010,0.089,0.126,0.058
NFATC2,Effector,-0.390,-0.198,0.015,0.115,-0.262,-0.380,-0.154,-0.035,-0.591,-0.643,-0.540,-0.588,-0.375,-0.808,-0.598,-0.762,-0.254,0.162,0.019,-0.085,0.258,0.140,0.157,0.219,0.132,-0.225,-0.067,0.183,-0.136,0.009,0.074,0.262,0.236,0.164,-0.031,0.167,0.098,-0.027,0.247,0.091
CDK6,Effector,0.002,-0.302,0.399,-0.175,0.111,0.307,-0.096,-0.222,-0.345,-0.418,-0.866,-0.600,-0.623,-0.443,-0.728,-0.456,0.297,0.228,0.259,0.222,-0.290,0.220,0.059,-0.022,-0.195,-0.286,-0.200,-0.004,-0.212,-0.147,-0.111,0.120,-0.053,-0.026,0.239,-0.058,0.108,-0.190,0.059,0.022
BATF,Effector,0.098,-0.261,0.054,0.179,0.084,0.047,0.171,0.029,-0.536,-0.550,-0.294,-0.565,-0.503,-0.712,-0.765,-0.383,0.305,0.173,-0.093,0.126,-0.082,-0.022,0.016,-0.417,0.034,-0.185,-0.126,-0.265,-0.273,-0.170,0.149,0.300,-0.005,0.197,-0.048,-0.344,0.027,0.080,-0.077,0.054
IKZF1,Effector,-0.035,0.054,-0.168,-0.020,-0.195,-0.279,0.317,0.083,-0.305,-0.626,-0.339,-0.446,-0.568,-0.305,-0.565,-0.577,-0.272,0.180,0.137,0.071,-0.163,-0.096,0.221,-0.049,0.049,0.026,-0.201,0.275,-0.356,0.041,-0.015,-0.290,0.060,0.094,0.010,-0.148,0.082,0.201,0.041,0.311
RBPJ,Effector,0.155,0.139,0.251,-0.118,-0.093,0.094,0.094,0.273,-0.448,-0.517,-0.340,-0.404,-0.527,-0.496,-0.294,-0.509,-0.062,0.031,-0.090,-0.038,-0.390,0.071,-0.051,0.039,0.071,-0.328,0.439,0.036,0.041,-0.310,0.125,0.088,-0.049,0.062,0.250,-0.040,-0.141,0.263,0.072,-0.007
NR4A3,Effector,0.069,0.082,0.101,0.098,0.036,0.031,-0.270,-0.030,-0.562,-0.425,-0.768,-0.522,-0.269,-0.425,-0.413,-0.395,-0.081,-0.030,-0.089,0.070,0.003,0.105,-0.239,0.160,-0.137,-0.132,-0.036,-0.101,0.052,-0.103,-0.193,-0.152,0.236,0.008,-0.210,0.002,-0.280,0.322,-0.274,0.086
GATA3,Memory,0.502,0.194,0.159,0.113,0.383,0.312,0.336,0.079,0.160,-0.097,0.249,-0.021,-0.120,0.085,0.167,-0.160,-1.068,-0.643,-0.832,-0.660,-0.993,-0.793,-1.380,-1.045,0.074,0.125,0.113,0.077,-0.215,0.129,0.214,-0.119,0.176,-0.059,0.041,0.073,-0.261,0.271,-0.147,-0.011
CREBBP,Memory,0.037,0.398,0.515,0.083,0.441,0.310,0.248,-0.011,0.197,0.338,-0.189,0.037,0.160,0.365,-0.448,0.009,-0.710,-0.914,-0.893,-0.646,-0.803,-1.001,-0.610,-0.997,0.092,0.012,-0.085,-0.272,0.280,0.182,0.141,-0.137,-0.080,0.283,0.117,-0.170,-0.009,0.008,-0.053,-0.187
NR4A2,Memory,0.447,0.166,0.359,0.394,0.299,0.383,0.276,0.512,-0.076,0.059,-0.385,-0.261,0.143,-0.106,0.104,0.098,-0.407,-0.356,-0.699,-0.872,-0.668,-1.005,-0.904,-0.878,-0.099,-0.017,0.045,-0.061,-0.346,-0.013,0.041,0.195,0.104,-0.116,-0.130,0.362,0.136,0.330,0.383,-0.147
STAT5A,Memory,0.769,0.291,0.265,0.340,0.689,0.439,0.247,0.381,-0.217,0.201,-0.045,-0.309,-0.026,-0.311,-0.181,0.004,-0.979,-0.678,-1.096,-0.819,-0.517,-0.219,-0.589,-0.409,0.016,-0.009,0.207,-0.117,0.095,-0.015,0.045,-0.045,0.386,-0.116,0.047,0.052,0.111,0.083,0.078,0.179
ID2,Memory,-0.004,0.363,0.333,0.115,0.391,0.202,0.652,0.613,-0.082,-0.133,0.081,-0.065,-0.056,0.194,0.304,0.048,-0.578,-0.554,-1.163,-0.661,-1.157,-0.079,-0.420,-0.636,-0.035,-0.453,0.128,0.293,-0.131,0.123,0.130,-0.279,0.168,0.244,0.041,-0.011,0.142,-0.277,0.017,0.190
ETS1,Memory,0.070,0.408,0.158,0.110,0.145,-0.083,0.186,0.464,-0.162,0.245,-0.203,-0.132,0.091,0.000,0.124,-0.134,-0.669,-0.882,-0.778,-0.482,-0.605,-0.354,-0.395,-0.841,0.447,-0.150,-0.226,0.223,0.210,-0.207,-0.265,-0.180,0.203,-0.056,-0.146,-0.005,0.217,-0.250,-0.069,-0.249
BACH2,Memory,0.031,0.364,0.496,0.434,0.465,-0.008,0.223,0.173,-0.168,0.202,0.033,-0.004,0.088,-0.171,-0.164,-0.159,-0.720,-0.729,-0.345,-0.542,-1.009,-0.918,-0.552,-1.066,-0.096,0.183,0.198,0.194,0.008,-0.038,0.194,-0.067,0.061,0.239,-0.066,-0.110,-0.002,0.108,0.087,0.028
MBD2,Memory,0.720,0.346,0.349,0.215,0.456,0.240,0.362,0.268,-0.056,0.043,0.010,-0.291,0.395,0.047,-0.283,0.216,-0.643,-0.373,-0.318,-0.746,-0.943,-0.699,-0.339,-0.144,-0.114,-0.025,0.094,-0.034,-0.022,0.068,-0.157,0.308,-0.144,0.029,-0.037,-0.105,0.119,0.204,0.284,0.127
HIF1A,Memory,-0.064,0.246,0.391,0.247,0.224,0.361,-0.020,0.306,-0.068,-0.349,-0.034,-0.144,0.241,-0.158,0.306,-0.096,-0.325,-0.811,-0.761,-0.542,-0.451,-0.367,-0.352,-0.578,-0.225,-0.481,-0.070,0.137,0.068,0.021,-0.063,-0.115,-0.051,0.070,-0.318,0.131,-0.263,-0.028,-0.114,-0.067
PRDM16,Memory,0.396,0.020,0.071,0.558,0.330,0.507,-0.183,0.240,-0.222,-0.243,0.082,0.221,-0.262,-0.192,-0.098,-0.016,-0.693,-0.091,-0.487,-0.557,-0.457,0.096,-0.025,-0.615,0.069,0.233,-0.208,-0.100,0.250,-0.120,-0.072,-0.238,-0.132,0.129,-0.144,-0.231,-0.109,0.324,0.036,-0.098
STAT3,Memory,0.660,0.481,0.393,0.166,0.274,-0.176,0.141,-0.057,-0.238,-0.127,-0.063,0.103,0.126,0.047,-0.170,0.122,-0.424,-0.086,-0.695,-1.056,-0.452,-0.150,-0.496,-0.384,0.159,0.091,0.083,-0.092,0.014,0.036,-0.116,-0.201,0.025,0.174,0.117,0.089,0.091,0.465,0.047,0.188
TBX21,Memory,-0.112,0.286,0.301,0.327,0.104,0.245,-0.109,0.374,-0.080,0.063,0.083,-0.021,0.057,-0.002,0.137,0.090,-0.491,-0.699,-0.091,-0.487,-0.540,-0.560,-0.811,-0.794,0.022,0.046,0.111,-0.228,-0.107,-0.017,0.288,-0.425,0.079,-0.097,0.078,-0.089,0.066,0.282,0.064,0.078
FOXO1,Memory,0.321,-0.082,0.040,0.158,0.015,-0.114,-0.121,0.049,-0.032,-0.184,0.042,0.305,-0.027,0.229,0.052,-0.202,-0.349,-0.556,-0.258,-0.706,-0.194,-0.202,-0.710,-0.274,0.280,-0.142,0.177,-0.324,0.045,-0.299,0.087,-0.322,-0.474,0.071,0.412,-0.107,0.149,0.020,-0.058,0.111
NFATC1,Memory,-0.134,0.190,-0.007,0.268,-0.042,0.026,0.195,0.447,0.106,0.056,0.255,-0.168,-0.374,-0.074,-0.048,0.225,-0.095,-0.669,-0.017,-0.025,-0.359,-0.442,-0.088,-0.374,-0.083,0.028,-0.244,0.087,-0.017,0.062,0.067,-0.188,0.239,-0.180,0.162,-0.284,0.069,-0.145,0.010,-0.115
TCF7,Cycling,0.296,-0.222,0.102,0.062,-0.256,0.291,0.351,-0.171,0.313,0.010,-0.029,0.271,0.041,0.058,0.273,0.232,0.161,-0.252,-0.283,0.203,-0.167,0.027,-0.193,-0.033,-1.413,-0.580,-0.916,-1.007,-0.962,-0.821,-1.205,-0.751,-0.038,0.095,0.085,-0.083,0.043,-0.067,0.084,-0.018
SMARCA4,Cycling,0.032,-0.084,-0.186,-0.054,-0.084,0.186,0.163,-0.216,0.113,-0.086,0.083,-0.087,-0.265,0.183,0.081,-0.221,-0.340,-0.096,-0.213,-0.066,0.112,0.264,-0.064,0.248,-0.962,-0.739,-1.459,-0.840,-0.870,-0.438,-0.477,-0.840,0.304,-0.188,0.035,-0.049,0.314,0.103,-0.550,0.248
MYC,Cycling,-0.189,-0.208,-0.042,-0.196,0.442,-0.076,-0.119,-0.100,-0.194,-0.443,-0.047,0.055,-0.272,-0.000,-0.219,-0.008,0.063,0.086,0.077,-0.128,0.157,-0.082,0.062,0.125,-0.620,-0.699,-0.630,-1.003,-0.655,-0.830,-0.593,-0.807,-0.406,0.131,0.371,0.322,-0.104,0.012,0.090,0.159
KLF2,Cycling,-0.118,-0.005,0.065,0.408,-0.088,0.055,0.263,-0.374,-0.314,-0.214,-0.021,0.439,0.070,0.217,-0.040,-0.443,-0.416,0.183,0.033,-0.234,0.201,-0.277,0.204,0.261,-0.594,-0.726,-0.249,-0.599,-0.263,-0.788,-0.434,-0.479,-0.078,-0.161,0.043,-0.341,-0.050,-0.071,0.122,-0.226
NCOR1,Cycling,0.113,-0.277,-0.367,-0.230,0.043,0.214,0.470,0.262,-0.268,-0.412,0.033,0.197,-0.285,-0.087,-0.074,0.014,-0.024,0.101,0.199,0.022,0.145,0.369,-0.174,-0.178,-0.568,-0.182,-0.451,-0.360,-0.501,-0.451,-0.819,-0.474,0.084,0.085,0.262,0.207,-0.093,0.175,-0.290,0.194
JUNB,Cycling,-0.134,0.230,-0.044,0.109,-0.272,-0.001,-0.168,-0.173,-0.342,0.388,-0.025,0.045,0.201,-0.020,0.094,-0.243,0.037,-0.073,0.092,0.034,-0.248,-0.332,-0.181,0.134,-0.425,-0.500,-0.963,-0.927,-0.574,-0.624,-0.700,-0.328,-0.030,-0.212,-0.157,0.027,0.014,-0.013,0.409,-0.047
HDAC3,Cycling,-0.122,0.060,0.082,0.011,0.470,0.198,-0.017,0.128,0.238,0.063,-0.316,0.016,0.007,0.382,-0.332,0.277,-0.029,0.167,-0.053,0.032,0.204,0.016,0.190,-0.014,-0.442,-0.495,-0.604,-0.462,-0.224,-0.616,-0.776,-0.620,0.305,0.191,0.241,0.228,-0.128,0.024,-0.476,-0.106
RUNX3,Cycling,0.067,-0.135,0.098,-0.038,-0.146,-0.007,-0.041,0.136,-0.008,-0.095,0.262,0.178,0.229,0.109,-0.020,-0.075,-0.050,0.171,0.020,-0.267,-0.007,-0.255,0.030,-0.217,-0.675,-0.708,-0.804,-1.004,-0.663,-0.342,-1.054,-0.362,-0.124,-0.089,-0.032,-0.260,0.234,0.089,-0.135,-0.050
FOSL2,Cycling,0.022,-0.179,-0.064,0.095,0.103,-0.028,0.071,0.010,-0.338,-0.589,0.416,0.150,-0.010,-0.313,-0.230,0.244,-0.502,-0.058,0.156,0.026,0.136,-0.024,0.431,-0.185,-0.630,-0.329,-0.135,-0.409,-0.255,-0.556,-0.893,-0.374,0.282,0.276,-0.079,-0.208,-0.210,-0.040,0.105,0.092
ID3,Cycling,-0.224,0.179,-0.075,-0.375,-0.019,-0.175,0.057,-0.211,0.189,-0.133,0.064,-0.107,-0.058,0.215,0.039,-0.071,-0.225,0.209,0.132,-0.059,0.044,-0.185,-0.183,-0.149,-0.580,-0.358,-0.632,-0.318,-0.357,-0.389,-0.309,-0.610,-0.020,0.085,-0.006,0.143,-0.225,0.257,-0.141,-0.030
EP300,Cycling,0.209,0.089,-0.052,-0.300,-0.121,-0.017,0.140,-0.082,0.184,0.010,-0.149,-0.518,-0.226,-0.283,-0.042,0.045,0.236,-0.017,-0.223,0.409,0.042,-0.061,-0.061,-0.257,-0.443,-0.449,-0.246,-0.307,-0.287,-0.303,-0.525,-0.636,-0.021,-0.236,-0.038,-0.071,0.109,-0.014,-0.355,-0.005
BRD4,Cycling,0.244,-0.341,-0.147,-0.007,-0.249,-0.109,0.000,-0.247,0.043,0.064,-0.238,-0.004,0.185,-0.040,0.070,0.107,-0.051,0.169,0.061,-0.186,0.086,0.148,0.138,-0.123,-0.336,-0.139,-0.448,-0.309,-0.170,-0.623,-0.329,-0.396,0.187,-0.022,-0.104,-0.010,-0.018,0.064,0.079,-0.214
ZNF281,Stress,0.031,0.084,0.025,-0.324,0.057,-0.036,0.155,-0.242,0.192,-0.088,-0.307,0.243,-0.092,0.069,-0.028,0.199,0.201,0.203,0.130,-0.292,-0.304,0.037,-0.173,0.085,0.030,-0.256,-0.188,-0.206,-0.161,-0.038,0.123,0.243,0.574,0.726,0.828,0.785,0.728,0.237,0.581,1.036
SMARCB1,Stress,0.122,0.065,0.032,0.059,0.107,0.120,0.307,-0.007,0.039,-0.331,-0.236,-0.122,-0.211,0.042,0.190,-0.076,-0.086,-0.090,0.025,-0.097,0.078,0.055,0.063,0.138,0.006,0.027,0.317,-0.008,0.144,0.010,-0.082,-0.082,0.584,0.869,0.647,0.847,0.847,0.941,0.704,0.722
EOMES,Stress,0.152,0.023,-0.136,0.038,0.475,0.229,-0.501,-0.026,-0.158,0.112,-0.031,0.348,0.168,0.160,0.034,-0.007,0.061,0.233,0.096,-0.063,0.230,0.035,-0.014,-0.142,-0.102,-0.114,-0.503,0.183,0.102,-0.039,0.188,0.079,0.484,-0.103,0.531,0.671,0.865,0.819,0.641,0.233
TET2,Stress,0.091,-0.011,-0.038,0.014,-0.186,0.513,-0.189,-0.090,-0.267,-0.086,0.263,-0.008,0.096,-0.098,0.315,0.018,-0.236,0.127,-0.078,0.098,0.014,0.036,0.013,-0.174,-0.282,0.164,-0.036,0.040,-0.095,-0.376,-0.241,0.240,0.488,0.673,0.301,0.560,0.611,0.479,0.499,0.772
IRF4,Stress,0.103,-0.155,-0.266,-0.040,-0.038,-0.063,0.178,0.311,-0.075,0.126,0.169,0.128,0.189,-0.070,0.133,0.364,0.145,-0.112,0.109,0.227,0.066,-0.101,0.278,-0.225,0.091,-0.003,-0.215,0.220,0.063,-0.210,0.108,-0.078,0.173,0.292,0.587,0.744,0.433,0.669,0.600,0.639
SP1,Stress,-0.108,0.361,0.016,0.051,-0.200,-0.190,-0.122,-0.114,-0.043,0.067,0.043,0.181,-0.246,0.038,0.043,0.288,-0.040,0.059,-0.149,0.076,0.072,-0.115,-0.081,-0.007,0.105,-0.210,0.160,-0.061,0.345,0.265,-0.074,-0.115,0.844,0.461,0.369,0.370,0.469,0.590,0.569,0.296
E2F1,Stress,0.005,-0.199,0.134,0.109,-0.241,-0.068,0.047,-0.002,0.092,0.141,0.096,-0.023,-0.245,0.109,0.250,0.354,-0.008,-0.009,0.258,0.257,0.059,0.126,-0.139,0.103,-0.151,-0.029,-0.025,-0.087,-0.383,-0.151,0.057,-0.013,0.382,0.516,0.482,0.661,0.295,0.406,0.347,0.118
ATF3,Stress,-0.258,0.035,0.003,0.016,-0.004,-0.036,0.107,0.023,0.041,-0.124,0.071,-0.022,-0.381,0.087,-0.048,0.167,-0.029,-0.017,0.038,-0.002,-0.080,-0.323,0.332,-0.284,-0.061,0.118,0.068,0.102,0.138,0.227,0.054,0.523,0.141,0.500,0.369,0.294,0.438,0.736,0.276,0.338
