source,target,r
TOX,NR4A1,0.931
TOX,ARID1A,0.907
TOX,PRDM1,0.802
TOX,MYB,0.934
TOX,SATB1,0.837
TOX,ATF4,0.862
TOX,XBP1,0.898
TOX,CDK4,0.898
TOX,ARID1B,0.890
TOX,EZH2,0.840
TOX,SUV39H1,0.908
TOX,IKZF2,0.866
TOX,RORC,0.881
NR4A1,ARID1A,0.906
NR4A1,PRDM1,0.771
NR4A1,MYB,0.904
NR4A1,SATB1,0.861
NR4A1,ATF4,0.826
NR4A1,XBP1,0.884
NR4A1,CDK4,0.863
NR4A1,ARID1B,0.911
NR4A1,EZH2,0.806
NR4A1,SUV39H1,0.896
NR4A1,IKZF2,0.860
NR4A1,RORC,0.895
ARID1A,PRDM1,0.707
ARID1A,MYB,0.870
ARID1A,SATB1,0.859
ARID1A,ATF4,0.848
ARID1A,XBP1,0.862
ARID1A,CDK4,0.850
ARID1A,ARID1B,0.863
ARID1A,EZH2,0.811
ARID1A,SUV39H1,0.886
ARID1A,IKZF2,0.798
ARID1A,RORC,0.880
NR4A2,TBX21,0.762
NR4A2,ID2,0.669
NR4A2,BACH2,0.790
NR4A2,ETS1,0.677
NR4A2,STAT3,0.699
NR4A2,STAT5A,0.772
NR4A2,HIF1A,0.709
NR4A2,CREBBP,0.736
NR4A2,MBD2,0.797
NR4A2,GATA3,0.813
NR4A3,SATB1,-0.620
NR4A3,E2F3,0.725
NR4A3,DNMT3A,0.628
NR4A3,KDM6B,0.750
NR4A3,CHD7,0.664
NR4A3,ZEB2,0.689
BATF,E2F3,0.648
BATF,CDK6,0.708
BATF,ARID1B,-0.644
BATF,DNMT3A,0.770
BATF,CHD7,0.722
BATF,RBPJ,0.632
BATF,NOTCH1,0.695
IRF4,SMARCB1,0.633
PRDM1,MYB,0.759
PRDM1,SATB1,0.677
PRDM1,ATF4,0.812
PRDM1,XBP1,0.760
PRDM1,CDK4,0.735
PRDM1,ARID1B,0.796
PRDM1,EZH2,0.729
PRDM1,SUV39H1,0.770
PRDM1,IKZF2,0.673
PRDM1,RORC,0.733
TBX21,ID2,0.629
TBX21,BACH2,0.834
TBX21,FOXO1,0.629
TBX21,ETS1,0.665
TBX21,STAT5A,0.655
TBX21,HIF1A,0.669
TBX21,CREBBP,0.753
TBX21,GATA3,0.806
RUNX3,TCF7,0.803
RUNX3,KLF2,0.621
RUNX3,JUNB,0.738
RUNX3,MYC,0.676
RUNX3,SMARCA4,0.718
RUNX3,HDAC3,0.632
ID2,BACH2,0.714
ID2,ETS1,0.775
ID2,STAT3,0.626
ID2,STAT5A,0.744
ID2,HIF1A,0.783
ID2,CREBBP,0.697
ID2,MBD2,0.643
ID2,GATA3,0.743
ID3,MYC,0.668
ID3,SMARCA4,0.700
ID3,HDAC3,0.666
BACH2,ETS1,0.750
BACH2,STAT3,0.649
BACH2,STAT5A,0.724
BACH2,HIF1A,0.695
BACH2,CREBBP,0.856
BACH2,MBD2,0.761
BACH2,GATA3,0.828
FOXO1,STAT3,0.640
TCF7,JUNB,0.705
TCF7,MYC,0.678
TCF7,SMARCA4,0.763
TCF7,BRD4,0.649
TCF7,HDAC3,0.650
TCF7,NCOR1,0.666
MYB,SATB1,0.826
MYB,STAT5A,-0.656
MYB,ATF4,0.856
MYB,XBP1,0.890
MYB,CDK4,0.904
MYB,ARID1B,0.906
MYB,EZH2,0.811
MYB,SUV39H1,0.925
MYB,IKZF2,0.822
MYB,RBPJ,-0.665
MYB,RORC,0.873
SATB1,ATF4,0.794
SATB1,XBP1,0.825
SATB1,CDK4,0.701
SATB1,ARID1B,0.819
SATB1,EZH2,0.736
SATB1,SUV39H1,0.843
SATB1,IKZF2,0.777
SATB1,RORC,0.801
ETS1,STAT5A,0.738
ETS1,HIF1A,0.720
ETS1,CREBBP,0.756
ETS1,GATA3,0.692
STAT3,STAT5A,0.766
STAT3,CREBBP,0.659
STAT3,MBD2,0.738
STAT3,GATA3,0.706
STAT3,PRDM16,0.628
STAT5A,HIF1A,0.689
STAT5A,SUV39H1,-0.646
STAT5A,CREBBP,0.720
STAT5A,MBD2,0.783
STAT5A,GATA3,0.791
STAT5A,PRDM16,0.675
NFATC2,E2F3,0.688
NFATC2,DNMT3A,0.638
NFATC2,KDM6B,0.760
NFATC2,CHD7,0.739
NFATC2,ZEB2,0.641
NFATC2,IKZF1,0.687
NFATC2,NOTCH1,0.674
FOSL2,NCOR1,0.628
ATF3,SMARCB1,0.654
ATF4,XBP1,0.861
ATF4,CDK4,0.800
ATF4,ARID1B,0.820
ATF4,EZH2,0.747
ATF4,SUV39H1,0.853
ATF4,IKZF2,0.773
ATF4,RORC,0.835
XBP1,CDK4,0.798
XBP1,ARID1B,0.873
XBP1,EZH2,0.809
XBP1,SUV39H1,0.907
XBP1,CHD7,-0.627
XBP1,IKZF2,0.823
XBP1,RORC,0.879
HIF1A,CREBBP,0.678
HIF1A,GATA3,0.678
MYC,SMARCA4,0.647
MYC,HDAC3,0.719
MYC,NCOR1,0.677
E2F1,SMARCB1,0.625
E2F3,CDK6,0.673
E2F3,DNMT3A,0.761
E2F3,KDM6B,0.785
E2F3,CHD7,0.732
E2F3,ZEB2,0.683
E2F3,IKZF1,0.623
E2F3,RBPJ,0.685
E2F3,NOTCH1,0.706
CDK4,ARID1B,0.857
CDK4,EZH2,0.784
CDK4,SUV39H1,0.898
CDK4,IKZF2,0.824
CDK4,RBPJ,-0.650
CDK4,RORC,0.845
CDK6,DNMT3A,0.631
CDK6,KDM6B,0.666
CDK6,ZEB2,0.683
SMARCA4,HDAC3,0.664
SMARCA4,NCOR1,0.643
ARID1B,EZH2,0.836
ARID1B,SUV39H1,0.903
ARID1B,CHD7,-0.624
ARID1B,IKZF2,0.808
ARID1B,RBPJ,-0.662
ARID1B,RORC,0.852
SMARCB1,TET2,0.715
SMARCB1,ZNF281,0.747
SMARCB1,SP1,0.700
EZH2,SUV39H1,0.795
EZH2,IKZF2,0.683
EZH2,RBPJ,-0.670
EZH2,NOTCH1,-0.625
EZH2,RORC,0.810
SUV39H1,IKZF2,0.848
SUV39H1,RORC,0.900
DNMT3A,KDM6B,0.689
DNMT3A,CHD7,0.697
DNMT3A,ZEB2,0.691
DNMT3A,IKZF1,0.632
DNMT3A,RBPJ,0.664
DNMT3A,NOTCH1,0.715
KDM6B,CHD7,0.791
KDM6B,ZEB2,0.772
KDM6B,IKZF1,0.639
KDM6B,RBPJ,0.696
KDM6B,NOTCH1,0.663
CHD7,ZEB2,0.636
CHD7,NOTCH1,0.785
CREBBP,MBD2,0.731
CREBBP,GATA3,0.796
MBD2,GATA3,0.715
ZEB2,IKZF1,0.650
IKZF2,RORC,0.826
